term,date,count
facebook,1980-01,0
facebook,1980-02,0
facebook,1980-03,0
facebook,1980-04,0
facebook,1980-05,0
facebook,1980-06,0
facebook,1980-07,0
facebook,1980-08,0
facebook,1980-09,0
facebook,1980-10,0
facebook,1980-11,0
facebook,1980-12,0
facebook,1981-01,0
facebook,1981-02,0
facebook,1981-03,0
facebook,1981-04,0
facebook,1981-05,0
facebook,1981-06,0
facebook,1981-07,0
facebook,1981-08,0
facebook,1981-09,0
facebook,1981-10,0
facebook,1981-11,0
facebook,1981-12,0
facebook,1982-01,0
facebook,1982-02,0
facebook,1982-03,0
facebook,1982-04,0
facebook,1982-05,0
facebook,1982-06,0
facebook,1982-07,0
facebook,1982-08,0
facebook,1982-09,0
facebook,1982-10,0
facebook,1982-11,0
facebook,1982-12,0
facebook,1983-01,0
facebook,1983-02,0
facebook,1983-03,0
facebook,1983-04,0
facebook,1983-05,0
facebook,1983-06,0
facebook,1983-07,0
facebook,1983-08,0
facebook,1983-09,0
facebook,1983-10,0
facebook,1983-11,0
facebook,1983-12,0
facebook,1984-01,0
facebook,1984-02,0
facebook,1984-03,0
facebook,1984-04,0
facebook,1984-05,0
facebook,1984-06,0
facebook,1984-07,0
facebook,1984-08,0
facebook,1984-09,0
facebook,1984-10,0
facebook,1984-11,0
facebook,1984-12,0
facebook,1985-01,0
facebook,1985-02,0
facebook,1985-03,0
facebook,1985-04,0
facebook,1985-05,0
facebook,1985-06,0
facebook,1985-07,0
facebook,1985-08,0
facebook,1985-09,0
facebook,1985-10,0
facebook,1985-11,0
facebook,1985-12,0
facebook,1986-01,0
facebook,1986-02,0
facebook,1986-03,0
facebook,1986-04,0
facebook,1986-05,0
facebook,1986-06,0
facebook,1986-07,0
facebook,1986-08,0
facebook,1986-09,0
facebook,1986-10,0
facebook,1986-11,0
facebook,1986-12,0
facebook,1987-01,0
facebook,1987-02,0
facebook,1987-03,0
facebook,1987-04,0
facebook,1987-05,0
facebook,1987-06,0
facebook,1987-07,0
facebook,1987-08,0
facebook,1987-09,0
facebook,1987-10,0
facebook,1987-11,0
facebook,1987-12,0
facebook,1988-01,0
facebook,1988-02,0
facebook,1988-03,0
facebook,1988-04,0
facebook,1988-05,0
facebook,1988-06,0
facebook,1988-07,0
facebook,1988-08,0
facebook,1988-09,0
facebook,1988-10,0
facebook,1988-11,0
facebook,1988-12,0
facebook,1989-01,0
facebook,1989-02,0
facebook,1989-03,0
facebook,1989-04,0
facebook,1989-05,0
facebook,1989-06,0
facebook,1989-07,0
facebook,1989-08,0
facebook,1989-09,0
facebook,1989-10,0
facebook,1989-11,0
facebook,1989-12,0
facebook,1990-01,0
facebook,1990-02,0
facebook,1990-03,0
facebook,1990-04,0
facebook,1990-05,0
facebook,1990-06,0
facebook,1990-07,0
facebook,1990-08,0
facebook,1990-09,0
facebook,1990-10,0
facebook,1990-11,0
facebook,1990-12,0
facebook,1991-01,0
facebook,1991-02,0
facebook,1991-03,0
facebook,1991-04,0
facebook,1991-05,0
facebook,1991-06,0
facebook,1991-07,0
facebook,1991-08,0
facebook,1991-09,0
facebook,1991-10,0
facebook,1991-11,0
facebook,1991-12,0
facebook,1992-01,0
facebook,1992-02,0
facebook,1992-03,0
facebook,1992-04,0
facebook,1992-05,0
facebook,1992-06,0
facebook,1992-07,0
facebook,1992-08,0
facebook,1992-09,0
facebook,1992-10,0
facebook,1992-11,0
facebook,1992-12,0
facebook,1993-01,0
facebook,1993-02,0
facebook,1993-03,0
facebook,1993-04,0
facebook,1993-05,0
facebook,1993-06,0
facebook,1993-07,0
facebook,1993-08,0
facebook,1993-09,0
facebook,1993-10,0
facebook,1993-11,0
facebook,1993-12,0
facebook,1994-01,0
facebook,1994-02,0
facebook,1994-03,0
facebook,1994-04,0
facebook,1994-05,0
facebook,1994-06,0
facebook,1994-07,0
facebook,1994-08,0
facebook,1994-09,0
facebook,1994-10,0
facebook,1994-11,0
facebook,1994-12,0
facebook,1995-01,0
facebook,1995-02,0
facebook,1995-03,0
facebook,1995-04,0
facebook,1995-05,0
facebook,1995-06,0
facebook,1995-07,0
facebook,1995-08,0
facebook,1995-09,0
facebook,1995-10,0
facebook,1995-11,0
facebook,1995-12,0
facebook,1996-01,0
facebook,1996-02,0
facebook,1996-03,0
facebook,1996-04,0
facebook,1996-05,0
facebook,1996-06,0
facebook,1996-07,0
facebook,1996-08,0
facebook,1996-09,0
facebook,1996-10,0
facebook,1996-11,0
facebook,1996-12,0
facebook,1997-01,0
facebook,1997-02,0
facebook,1997-03,0
facebook,1997-04,0
facebook,1997-05,0
facebook,1997-06,0
facebook,1997-07,0
facebook,1997-08,0
facebook,1997-09,0
facebook,1997-10,0
facebook,1997-11,0
facebook,1997-12,0
facebook,1998-01,0
facebook,1998-02,0
facebook,1998-03,0
facebook,1998-04,0
facebook,1998-05,0
facebook,1998-06,0
facebook,1998-07,0
facebook,1998-08,0
facebook,1998-09,0
facebook,1998-10,0
facebook,1998-11,0
facebook,1998-12,0
facebook,1999-01,0
facebook,1999-02,0
facebook,1999-03,0
facebook,1999-04,0
facebook,1999-05,0
facebook,1999-06,0
facebook,1999-07,0
facebook,1999-08,0
facebook,1999-09,0
facebook,1999-10,0
facebook,1999-11,0
facebook,1999-12,0
facebook,2000-01,0
facebook,2000-02,0
facebook,2000-03,0
facebook,2000-04,0
facebook,2000-05,0
facebook,2000-06,0
facebook,2000-07,0
facebook,2000-08,0
facebook,2000-09,0
facebook,2000-10,0
facebook,2000-11,0
facebook,2000-12,0
facebook,2001-01,0
facebook,2001-02,0
facebook,2001-03,0
facebook,2001-04,0
facebook,2001-05,0
facebook,2001-06,0
facebook,2001-07,0
facebook,2001-08,0
facebook,2001-09,0
facebook,2001-10,0
facebook,2001-11,0
facebook,2001-12,0
facebook,2002-01,0
facebook,2002-02,0
facebook,2002-03,0
facebook,2002-04,0
facebook,2002-05,0
facebook,2002-06,0
facebook,2002-07,0
facebook,2002-08,0
facebook,2002-09,0
facebook,2002-10,0
facebook,2002-11,0
facebook,2002-12,0
facebook,2003-01,0
facebook,2003-02,0
facebook,2003-03,0
facebook,2003-04,0
facebook,2003-05,0
facebook,2003-06,0
facebook,2003-07,0
facebook,2003-08,0
facebook,2003-09,0
facebook,2003-10,0
facebook,2003-11,0
facebook,2003-12,0
facebook,2004-01,0
facebook,2004-02,0
facebook,2004-03,0
facebook,2004-04,0
facebook,2004-05,0
facebook,2004-06,0
facebook,2004-07,0
facebook,2004-08,0
facebook,2004-09,0
facebook,2004-10,0
facebook,2004-11,0
facebook,2004-12,0
facebook,2005-01,0
facebook,2005-02,0
facebook,2005-03,0
facebook,2005-04,0
facebook,2005-05,0
facebook,2005-06,0
facebook,2005-07,0
facebook,2005-08,0
facebook,2005-09,0
facebook,2005-10,0
facebook,2005-11,0
facebook,2005-12,0
facebook,2006-01,0
facebook,2006-02,0
facebook,2006-03,0
facebook,2006-04,0
facebook,2006-05,0
facebook,2006-06,0
facebook,2006-07,0
facebook,2006-08,0
facebook,2006-09,0
facebook,2006-10,0
facebook,2006-11,0
facebook,2006-12,0
facebook,2007-01,0
facebook,2007-02,0
facebook,2007-03,0
facebook,2007-04,0
facebook,2007-05,0
facebook,2007-06,0
facebook,2007-07,0
facebook,2007-08,0
facebook,2007-09,0
facebook,2007-10,0
facebook,2007-11,0
facebook,2007-12,0
facebook,2008-01,1
facebook,2008-02,0
facebook,2008-03,0
facebook,2008-04,0
facebook,2008-05,0
facebook,2008-06,0
facebook,2008-07,0
facebook,2008-08,0
facebook,2008-09,3
facebook,2008-10,2
facebook,2008-11,3
facebook,2008-12,1
facebook,2009-01,0
facebook,2009-02,1
facebook,2009-03,1
facebook,2009-04,0
facebook,2009-05,0
facebook,2009-06,1
facebook,2009-07,1
facebook,2009-08,0
facebook,2009-09,1
facebook,2009-10,0
facebook,2009-11,0
facebook,2009-12,0
facebook,2010-01,0
facebook,2010-02,0
facebook,2010-03,2
facebook,2010-04,0
facebook,2010-05,2
facebook,2010-06,1
facebook,2010-07,0
facebook,2010-08,1
facebook,2010-09,0
facebook,2010-10,1
facebook,2010-11,1
facebook,2010-12,2
facebook,2011-01,3
facebook,2011-02,2
facebook,2011-03,2
facebook,2011-04,1
facebook,2011-05,3
facebook,2011-06,1
facebook,2011-07,2
facebook,2011-08,2
facebook,2011-09,2
facebook,2011-10,2
facebook,2011-11,0
facebook,2011-12,1
facebook,2012-01,2
facebook,2012-02,5
facebook,2012-03,3
facebook,2012-04,3
facebook,2012-05,2
facebook,2012-06,0
facebook,2012-07,2
facebook,2012-08,0
facebook,2012-09,0
facebook,2012-10,7
facebook,2012-11,2
facebook,2012-12,0
facebook,2013-01,8
facebook,2013-02,0
facebook,2013-03,1
facebook,2013-04,1
facebook,2013-05,1
facebook,2013-06,0
facebook,2013-07,2
facebook,2013-08,3
facebook,2013-09,1
facebook,2013-10,3
facebook,2013-11,1
facebook,2013-12,1
facebook,2014-01,20
facebook,2014-02,1
facebook,2014-03,1
facebook,2014-04,2
facebook,2014-05,5
facebook,2014-06,7
facebook,2014-07,10
facebook,2014-08,12
facebook,2014-09,7
facebook,2014-10,11
facebook,2014-11,1
facebook,2014-12,4
facebook,2015-01,7
facebook,2015-02,5
facebook,2015-03,5
facebook,2015-04,15
facebook,2015-05,13
facebook,2015-06,4
facebook,2015-07,8
facebook,2015-08,5
facebook,2015-09,5
facebook,2015-10,9
facebook,2015-11,2
facebook,2015-12,19
facebook,2016-01,33
facebook,2016-02,18
facebook,2016-03,10
facebook,2016-04,5
facebook,2016-05,14
facebook,2016-06,17
facebook,2016-07,10
facebook,2016-08,5
facebook,2016-09,20
facebook,2016-10,33
facebook,2016-11,573
facebook,2016-12,369
facebook,2017-01,155
facebook,2017-02,114
facebook,2017-03,79
facebook,2017-04,147
facebook,2017-05,126
facebook,2017-06,75
facebook,2017-07,39
facebook,2017-08,54
facebook,2017-09,365
facebook,2017-10,348
facebook,2017-11,248
facebook,2017-12,121
facebook,2018-01,185
facebook,2018-02,240
facebook,2018-03,260
facebook,2018-04,308
facebook,2018-05,143
facebook,2018-06,90
facebook,2018-07,220
facebook,2018-08,394
facebook,2018-09,215
facebook,2018-10,377
facebook,2018-11,448
facebook,2018-12,216
facebook,2019-01,210
facebook,2019-02,199
facebook,2019-03,266
facebook,2019-04,210
facebook,2019-05,242
facebook,2019-06,147
facebook,2019-07,148
facebook,2019-08,236
facebook,2019-09,163
facebook,2019-10,492
facebook,2019-11,191
facebook,2019-12,164
facebook,2020-01,247
facebook,2020-02,143
facebook,2020-03,261
facebook,2020-04,117
facebook,2020-05,193
facebook,2020-06,332
facebook,2020-07,353
facebook,2020-08,495
facebook,2020-09,499
facebook,2020-10,656
facebook,2020-11,501
facebook,2020-12,286
facebook,2021-01,398
facebook,2021-02,293
facebook,2021-03,285
facebook,2021-04,112
facebook,2021-05,266
facebook,2021-06,72
facebook,2021-07,627
facebook,2021-08,296
facebook,2021-09,319
facebook,2021-10,798
facebook,2021-11,272
facebook,2021-12,126
facebook,2022-01,162
facebook,2022-02,158
facebook,2022-03,184
facebook,2022-04,118
facebook,2022-05,112
facebook,2022-06,97
facebook,2022-07,31
facebook,2022-08,175
facebook,2022-09,61
facebook,2022-10,99
facebook,2022-11,85
facebook,2022-12,37
facebook,2023-01,62
facebook,2023-02,49
facebook,2023-03,27
facebook,2023-04,31
facebook,2023-05,16
facebook,2023-06,28
facebook,2023-07,66
facebook,2023-08,11
facebook,2023-09,30
facebook,2023-10,60
facebook,2023-11,19
facebook,2023-12,43
facebook,2024-01,15
facebook,2024-02,22
facebook,2024-03,34
facebook,2024-04,17
facebook,2024-05,23
facebook,2024-06,63
facebook,2024-07,21
facebook,2024-08,18
facebook,2024-09,45
facebook,2024-10,69
facebook,2024-11,23
facebook,2024-12,12
facebook,2025-01,118
facebook,2025-02,21
facebook,2025-03,9
facebook,2025-04,17
facebook,2025-05,1
facebook,2025-06,0
facebook,2025-07,0
snapchat,1980-01,0
snapchat,1980-02,0
snapchat,1980-03,0
snapchat,1980-04,0
snapchat,1980-05,0
snapchat,1980-06,0
snapchat,1980-07,0
snapchat,1980-08,0
snapchat,1980-09,0
snapchat,1980-10,0
snapchat,1980-11,0
snapchat,1980-12,0
snapchat,1981-01,0
snapchat,1981-02,0
snapchat,1981-03,0
snapchat,1981-04,0
snapchat,1981-05,0
snapchat,1981-06,0
snapchat,1981-07,0
snapchat,1981-08,0
snapchat,1981-09,0
snapchat,1981-10,0
snapchat,1981-11,0
snapchat,1981-12,0
snapchat,1982-01,0
snapchat,1982-02,0
snapchat,1982-03,0
snapchat,1982-04,0
snapchat,1982-05,0
snapchat,1982-06,0
snapchat,1982-07,0
snapchat,1982-08,0
snapchat,1982-09,0
snapchat,1982-10,0
snapchat,1982-11,0
snapchat,1982-12,0
snapchat,1983-01,0
snapchat,1983-02,0
snapchat,1983-03,0
snapchat,1983-04,0
snapchat,1983-05,0
snapchat,1983-06,0
snapchat,1983-07,0
snapchat,1983-08,0
snapchat,1983-09,0
snapchat,1983-10,0
snapchat,1983-11,0
snapchat,1983-12,0
snapchat,1984-01,0
snapchat,1984-02,0
snapchat,1984-03,0
snapchat,1984-04,0
snapchat,1984-05,0
snapchat,1984-06,0
snapchat,1984-07,0
snapchat,1984-08,0
snapchat,1984-09,0
snapchat,1984-10,0
snapchat,1984-11,0
snapchat,1984-12,0
snapchat,1985-01,0
snapchat,1985-02,0
snapchat,1985-03,0
snapchat,1985-04,0
snapchat,1985-05,0
snapchat,1985-06,0
snapchat,1985-07,0
snapchat,1985-08,0
snapchat,1985-09,0
snapchat,1985-10,0
snapchat,1985-11,0
snapchat,1985-12,0
snapchat,1986-01,0
snapchat,1986-02,0
snapchat,1986-03,0
snapchat,1986-04,0
snapchat,1986-05,0
snapchat,1986-06,0
snapchat,1986-07,0
snapchat,1986-08,0
snapchat,1986-09,0
snapchat,1986-10,0
snapchat,1986-11,0
snapchat,1986-12,0
snapchat,1987-01,0
snapchat,1987-02,0
snapchat,1987-03,0
snapchat,1987-04,0
snapchat,1987-05,0
snapchat,1987-06,0
snapchat,1987-07,0
snapchat,1987-08,0
snapchat,1987-09,0
snapchat,1987-10,0
snapchat,1987-11,0
snapchat,1987-12,0
snapchat,1988-01,0
snapchat,1988-02,0
snapchat,1988-03,0
snapchat,1988-04,0
snapchat,1988-05,0
snapchat,1988-06,0
snapchat,1988-07,0
snapchat,1988-08,0
snapchat,1988-09,0
snapchat,1988-10,0
snapchat,1988-11,0
snapchat,1988-12,0
snapchat,1989-01,0
snapchat,1989-02,0
snapchat,1989-03,0
snapchat,1989-04,0
snapchat,1989-05,0
snapchat,1989-06,0
snapchat,1989-07,0
snapchat,1989-08,0
snapchat,1989-09,0
snapchat,1989-10,0
snapchat,1989-11,0
snapchat,1989-12,0
snapchat,1990-01,0
snapchat,1990-02,0
snapchat,1990-03,0
snapchat,1990-04,0
snapchat,1990-05,0
snapchat,1990-06,0
snapchat,1990-07,0
snapchat,1990-08,0
snapchat,1990-09,0
snapchat,1990-10,0
snapchat,1990-11,0
snapchat,1990-12,0
snapchat,1991-01,0
snapchat,1991-02,0
snapchat,1991-03,0
snapchat,1991-04,0
snapchat,1991-05,0
snapchat,1991-06,0
snapchat,1991-07,0
snapchat,1991-08,0
snapchat,1991-09,0
snapchat,1991-10,0
snapchat,1991-11,0
snapchat,1991-12,0
snapchat,1992-01,0
snapchat,1992-02,0
snapchat,1992-03,0
snapchat,1992-04,0
snapchat,1992-05,0
snapchat,1992-06,0
snapchat,1992-07,0
snapchat,1992-08,0
snapchat,1992-09,0
snapchat,1992-10,0
snapchat,1992-11,0
snapchat,1992-12,0
snapchat,1993-01,0
snapchat,1993-02,0
snapchat,1993-03,0
snapchat,1993-04,0
snapchat,1993-05,0
snapchat,1993-06,0
snapchat,1993-07,0
snapchat,1993-08,0
snapchat,1993-09,0
snapchat,1993-10,0
snapchat,1993-11,0
snapchat,1993-12,0
snapchat,1994-01,0
snapchat,1994-02,0
snapchat,1994-03,0
snapchat,1994-04,0
snapchat,1994-05,0
snapchat,1994-06,0
snapchat,1994-07,0
snapchat,1994-08,0
snapchat,1994-09,0
snapchat,1994-10,0
snapchat,1994-11,0
snapchat,1994-12,0
snapchat,1995-01,0
snapchat,1995-02,0
snapchat,1995-03,0
snapchat,1995-04,0
snapchat,1995-05,0
snapchat,1995-06,0
snapchat,1995-07,0
snapchat,1995-08,0
snapchat,1995-09,0
snapchat,1995-10,0
snapchat,1995-11,0
snapchat,1995-12,0
snapchat,1996-01,0
snapchat,1996-02,0
snapchat,1996-03,0
snapchat,1996-04,0
snapchat,1996-05,0
snapchat,1996-06,0
snapchat,1996-07,0
snapchat,1996-08,0
snapchat,1996-09,0
snapchat,1996-10,0
snapchat,1996-11,0
snapchat,1996-12,0
snapchat,1997-01,0
snapchat,1997-02,0
snapchat,1997-03,0
snapchat,1997-04,0
snapchat,1997-05,0
snapchat,1997-06,0
snapchat,1997-07,0
snapchat,1997-08,0
snapchat,1997-09,0
snapchat,1997-10,0
snapchat,1997-11,0
snapchat,1997-12,0
snapchat,1998-01,0
snapchat,1998-02,0
snapchat,1998-03,0
snapchat,1998-04,0
snapchat,1998-05,0
snapchat,1998-06,0
snapchat,1998-07,0
snapchat,1998-08,0
snapchat,1998-09,0
snapchat,1998-10,0
snapchat,1998-11,0
snapchat,1998-12,0
snapchat,1999-01,0
snapchat,1999-02,0
snapchat,1999-03,0
snapchat,1999-04,0
snapchat,1999-05,0
snapchat,1999-06,0
snapchat,1999-07,0
snapchat,1999-08,0
snapchat,1999-09,0
snapchat,1999-10,0
snapchat,1999-11,0
snapchat,1999-12,0
snapchat,2000-01,0
snapchat,2000-02,0
snapchat,2000-03,0
snapchat,2000-04,0
snapchat,2000-05,0
snapchat,2000-06,0
snapchat,2000-07,0
snapchat,2000-08,0
snapchat,2000-09,0
snapchat,2000-10,0
snapchat,2000-11,0
snapchat,2000-12,0
snapchat,2001-01,0
snapchat,2001-02,0
snapchat,2001-03,0
snapchat,2001-04,0
snapchat,2001-05,0
snapchat,2001-06,0
snapchat,2001-07,0
snapchat,2001-08,0
snapchat,2001-09,0
snapchat,2001-10,0
snapchat,2001-11,0
snapchat,2001-12,0
snapchat,2002-01,0
snapchat,2002-02,0
snapchat,2002-03,0
snapchat,2002-04,0
snapchat,2002-05,0
snapchat,2002-06,0
snapchat,2002-07,0
snapchat,2002-08,0
snapchat,2002-09,0
snapchat,2002-10,0
snapchat,2002-11,0
snapchat,2002-12,0
snapchat,2003-01,0
snapchat,2003-02,0
snapchat,2003-03,0
snapchat,2003-04,0
snapchat,2003-05,0
snapchat,2003-06,0
snapchat,2003-07,0
snapchat,2003-08,0
snapchat,2003-09,0
snapchat,2003-10,0
snapchat,2003-11,0
snapchat,2003-12,0
snapchat,2004-01,0
snapchat,2004-02,0
snapchat,2004-03,0
snapchat,2004-04,0
snapchat,2004-05,0
snapchat,2004-06,0
snapchat,2004-07,0
snapchat,2004-08,0
snapchat,2004-09,0
snapchat,2004-10,0
snapchat,2004-11,0
snapchat,2004-12,0
snapchat,2005-01,0
snapchat,2005-02,0
snapchat,2005-03,0
snapchat,2005-04,0
snapchat,2005-05,0
snapchat,2005-06,0
snapchat,2005-07,0
snapchat,2005-08,0
snapchat,2005-09,0
snapchat,2005-10,0
snapchat,2005-11,0
snapchat,2005-12,0
snapchat,2006-01,0
snapchat,2006-02,0
snapchat,2006-03,0
snapchat,2006-04,0
snapchat,2006-05,0
snapchat,2006-06,0
snapchat,2006-07,0
snapchat,2006-08,0
snapchat,2006-09,0
snapchat,2006-10,0
snapchat,2006-11,0
snapchat,2006-12,0
snapchat,2007-01,0
snapchat,2007-02,0
snapchat,2007-03,0
snapchat,2007-04,0
snapchat,2007-05,0
snapchat,2007-06,0
snapchat,2007-07,0
snapchat,2007-08,0
snapchat,2007-09,0
snapchat,2007-10,0
snapchat,2007-11,0
snapchat,2007-12,0
snapchat,2008-01,0
snapchat,2008-02,0
snapchat,2008-03,0
snapchat,2008-04,0
snapchat,2008-05,0
snapchat,2008-06,0
snapchat,2008-07,0
snapchat,2008-08,0
snapchat,2008-09,0
snapchat,2008-10,0
snapchat,2008-11,0
snapchat,2008-12,0
snapchat,2009-01,0
snapchat,2009-02,0
snapchat,2009-03,0
snapchat,2009-04,0
snapchat,2009-05,0
snapchat,2009-06,0
snapchat,2009-07,0
snapchat,2009-08,0
snapchat,2009-09,0
snapchat,2009-10,0
snapchat,2009-11,0
snapchat,2009-12,0
snapchat,2010-01,0
snapchat,2010-02,0
snapchat,2010-03,0
snapchat,2010-04,0
snapchat,2010-05,0
snapchat,2010-06,0
snapchat,2010-07,0
snapchat,2010-08,0
snapchat,2010-09,0
snapchat,2010-10,0
snapchat,2010-11,0
snapchat,2010-12,0
snapchat,2011-01,0
snapchat,2011-02,0
snapchat,2011-03,0
snapchat,2011-04,0
snapchat,2011-05,0
snapchat,2011-06,0
snapchat,2011-07,0
snapchat,2011-08,0
snapchat,2011-09,0
snapchat,2011-10,0
snapchat,2011-11,0
snapchat,2011-12,0
snapchat,2012-01,0
snapchat,2012-02,0
snapchat,2012-03,0
snapchat,2012-04,0
snapchat,2012-05,0
snapchat,2012-06,0
snapchat,2012-07,0
snapchat,2012-08,0
snapchat,2012-09,0
snapchat,2012-10,0
snapchat,2012-11,0
snapchat,2012-12,0
snapchat,2013-01,0
snapchat,2013-02,0
snapchat,2013-03,0
snapchat,2013-04,0
snapchat,2013-05,0
snapchat,2013-06,0
snapchat,2013-07,0
snapchat,2013-08,0
snapchat,2013-09,0
snapchat,2013-10,0
snapchat,2013-11,0
snapchat,2013-12,0
snapchat,2014-01,0
snapchat,2014-02,0
snapchat,2014-03,0
snapchat,2014-04,0
snapchat,2014-05,0
snapchat,2014-06,0
snapchat,2014-07,0
snapchat,2014-08,0
snapchat,2014-09,0
snapchat,2014-10,0
snapchat,2014-11,0
snapchat,2014-12,0
snapchat,2015-01,0
snapchat,2015-02,0
snapchat,2015-03,0
snapchat,2015-04,0
snapchat,2015-05,0
snapchat,2015-06,0
snapchat,2015-07,0
snapchat,2015-08,0
snapchat,2015-09,0
snapchat,2015-10,0
snapchat,2015-11,0
snapchat,2015-12,0
snapchat,2016-01,0
snapchat,2016-02,0
snapchat,2016-03,0
snapchat,2016-04,0
snapchat,2016-05,0
snapchat,2016-06,0
snapchat,2016-07,1
snapchat,2016-08,0
snapchat,2016-09,0
snapchat,2016-10,0
snapchat,2016-11,1
snapchat,2016-12,6
snapchat,2017-01,14
snapchat,2017-02,0
snapchat,2017-03,0
snapchat,2017-04,0
snapchat,2017-05,0
snapchat,2017-06,0
snapchat,2017-07,0
snapchat,2017-08,2
snapchat,2017-09,0
snapchat,2017-10,1
snapchat,2017-11,3
snapchat,2017-12,0
snapchat,2018-01,0
snapchat,2018-02,0
snapchat,2018-03,0
snapchat,2018-04,0
snapchat,2018-05,0
snapchat,2018-06,0
snapchat,2018-07,0
snapchat,2018-08,0
snapchat,2018-09,2
snapchat,2018-10,0
snapchat,2018-11,0
snapchat,2018-12,3
snapchat,2019-01,0
snapchat,2019-02,0
snapchat,2019-03,0
snapchat,2019-04,5
snapchat,2019-05,0
snapchat,2019-06,0
snapchat,2019-07,0
snapchat,2019-08,0
snapchat,2019-09,0
snapchat,2019-10,2
snapchat,2019-11,0
snapchat,2019-12,1
snapchat,2020-01,0
snapchat,2020-02,0
snapchat,2020-03,2
snapchat,2020-04,0
snapchat,2020-05,0
snapchat,2020-06,0
snapchat,2020-07,0
snapchat,2020-08,2
snapchat,2020-09,0
snapchat,2020-10,1
snapchat,2020-11,9
snapchat,2020-12,0
snapchat,2021-01,12
snapchat,2021-02,1
snapchat,2021-03,0
snapchat,2021-04,0
snapchat,2021-05,0
snapchat,2021-06,0
snapchat,2021-07,3
snapchat,2021-08,0
snapchat,2021-09,0
snapchat,2021-10,1
snapchat,2021-11,0
snapchat,2021-12,0
snapchat,2022-01,1
snapchat,2022-02,0
snapchat,2022-03,0
snapchat,2022-04,0
snapchat,2022-05,3
snapchat,2022-06,0
snapchat,2022-07,0
snapchat,2022-08,0
snapchat,2022-09,0
snapchat,2022-10,1
snapchat,2022-11,0
snapchat,2022-12,0
snapchat,2023-01,0
snapchat,2023-02,0
snapchat,2023-03,2
snapchat,2023-04,0
snapchat,2023-05,2
snapchat,2023-06,0
snapchat,2023-07,0
snapchat,2023-08,0
snapchat,2023-09,0
snapchat,2023-10,0
snapchat,2023-11,0
snapchat,2023-12,2
snapchat,2024-01,0
snapchat,2024-02,0
snapchat,2024-03,5
snapchat,2024-04,1
snapchat,2024-05,0
snapchat,2024-06,0
snapchat,2024-07,0
snapchat,2024-08,0
snapchat,2024-09,0
snapchat,2024-10,2
snapchat,2024-11,0
snapchat,2024-12,0
snapchat,2025-01,0
snapchat,2025-02,0
snapchat,2025-03,0
snapchat,2025-04,0
snapchat,2025-05,0
snapchat,2025-06,0
snapchat,2025-07,0
youtube,1980-01,0
youtube,1980-02,0
youtube,1980-03,0
youtube,1980-04,0
youtube,1980-05,0
youtube,1980-06,0
youtube,1980-07,0
youtube,1980-08,0
youtube,1980-09,0
youtube,1980-10,0
youtube,1980-11,0
youtube,1980-12,0
youtube,1981-01,0
youtube,1981-02,0
youtube,1981-03,0
youtube,1981-04,0
youtube,1981-05,0
youtube,1981-06,0
youtube,1981-07,0
youtube,1981-08,0
youtube,1981-09,0
youtube,1981-10,0
youtube,1981-11,0
youtube,1981-12,0
youtube,1982-01,0
youtube,1982-02,0
youtube,1982-03,0
youtube,1982-04,0
youtube,1982-05,0
youtube,1982-06,0
youtube,1982-07,0
youtube,1982-08,0
youtube,1982-09,0
youtube,1982-10,0
youtube,1982-11,0
youtube,1982-12,0
youtube,1983-01,0
youtube,1983-02,0
youtube,1983-03,0
youtube,1983-04,0
youtube,1983-05,0
youtube,1983-06,0
youtube,1983-07,0
youtube,1983-08,0
youtube,1983-09,0
youtube,1983-10,0
youtube,1983-11,0
youtube,1983-12,0
youtube,1984-01,0
youtube,1984-02,0
youtube,1984-03,0
youtube,1984-04,0
youtube,1984-05,0
youtube,1984-06,0
youtube,1984-07,0
youtube,1984-08,0
youtube,1984-09,0
youtube,1984-10,0
youtube,1984-11,0
youtube,1984-12,0
youtube,1985-01,0
youtube,1985-02,0
youtube,1985-03,0
youtube,1985-04,0
youtube,1985-05,0
youtube,1985-06,0
youtube,1985-07,0
youtube,1985-08,0
youtube,1985-09,0
youtube,1985-10,0
youtube,1985-11,0
youtube,1985-12,0
youtube,1986-01,0
youtube,1986-02,0
youtube,1986-03,0
youtube,1986-04,0
youtube,1986-05,0
youtube,1986-06,0
youtube,1986-07,0
youtube,1986-08,0
youtube,1986-09,0
youtube,1986-10,0
youtube,1986-11,0
youtube,1986-12,0
youtube,1987-01,0
youtube,1987-02,0
youtube,1987-03,0
youtube,1987-04,0
youtube,1987-05,0
youtube,1987-06,0
youtube,1987-07,0
youtube,1987-08,0
youtube,1987-09,0
youtube,1987-10,0
youtube,1987-11,0
youtube,1987-12,0
youtube,1988-01,0
youtube,1988-02,0
youtube,1988-03,0
youtube,1988-04,0
youtube,1988-05,0
youtube,1988-06,0
youtube,1988-07,0
youtube,1988-08,0
youtube,1988-09,0
youtube,1988-10,0
youtube,1988-11,0
youtube,1988-12,0
youtube,1989-01,0
youtube,1989-02,0
youtube,1989-03,0
youtube,1989-04,0
youtube,1989-05,0
youtube,1989-06,0
youtube,1989-07,0
youtube,1989-08,0
youtube,1989-09,0
youtube,1989-10,0
youtube,1989-11,0
youtube,1989-12,0
youtube,1990-01,0
youtube,1990-02,0
youtube,1990-03,0
youtube,1990-04,0
youtube,1990-05,0
youtube,1990-06,0
youtube,1990-07,0
youtube,1990-08,0
youtube,1990-09,0
youtube,1990-10,0
youtube,1990-11,0
youtube,1990-12,0
youtube,1991-01,0
youtube,1991-02,0
youtube,1991-03,0
youtube,1991-04,0
youtube,1991-05,0
youtube,1991-06,0
youtube,1991-07,0
youtube,1991-08,0
youtube,1991-09,0
youtube,1991-10,0
youtube,1991-11,0
youtube,1991-12,0
youtube,1992-01,0
youtube,1992-02,0
youtube,1992-03,0
youtube,1992-04,0
youtube,1992-05,0
youtube,1992-06,0
youtube,1992-07,0
youtube,1992-08,0
youtube,1992-09,0
youtube,1992-10,0
youtube,1992-11,0
youtube,1992-12,0
youtube,1993-01,0
youtube,1993-02,0
youtube,1993-03,0
youtube,1993-04,0
youtube,1993-05,0
youtube,1993-06,0
youtube,1993-07,0
youtube,1993-08,0
youtube,1993-09,0
youtube,1993-10,0
youtube,1993-11,0
youtube,1993-12,0
youtube,1994-01,0
youtube,1994-02,0
youtube,1994-03,0
youtube,1994-04,0
youtube,1994-05,0
youtube,1994-06,0
youtube,1994-07,0
youtube,1994-08,0
youtube,1994-09,0
youtube,1994-10,0
youtube,1994-11,0
youtube,1994-12,0
youtube,1995-01,0
youtube,1995-02,0
youtube,1995-03,0
youtube,1995-04,0
youtube,1995-05,0
youtube,1995-06,0
youtube,1995-07,0
youtube,1995-08,0
youtube,1995-09,0
youtube,1995-10,0
youtube,1995-11,0
youtube,1995-12,0
youtube,1996-01,0
youtube,1996-02,0
youtube,1996-03,0
youtube,1996-04,0
youtube,1996-05,0
youtube,1996-06,0
youtube,1996-07,0
youtube,1996-08,0
youtube,1996-09,0
youtube,1996-10,0
youtube,1996-11,0
youtube,1996-12,0
youtube,1997-01,0
youtube,1997-02,0
youtube,1997-03,0
youtube,1997-04,0
youtube,1997-05,0
youtube,1997-06,0
youtube,1997-07,0
youtube,1997-08,0
youtube,1997-09,0
youtube,1997-10,0
youtube,1997-11,0
youtube,1997-12,0
youtube,1998-01,0
youtube,1998-02,0
youtube,1998-03,0
youtube,1998-04,0
youtube,1998-05,0
youtube,1998-06,0
youtube,1998-07,0
youtube,1998-08,0
youtube,1998-09,0
youtube,1998-10,0
youtube,1998-11,0
youtube,1998-12,0
youtube,1999-01,0
youtube,1999-02,0
youtube,1999-03,0
youtube,1999-04,0
youtube,1999-05,0
youtube,1999-06,0
youtube,1999-07,0
youtube,1999-08,0
youtube,1999-09,0
youtube,1999-10,0
youtube,1999-11,0
youtube,1999-12,0
youtube,2000-01,0
youtube,2000-02,0
youtube,2000-03,0
youtube,2000-04,0
youtube,2000-05,0
youtube,2000-06,0
youtube,2000-07,0
youtube,2000-08,0
youtube,2000-09,0
youtube,2000-10,0
youtube,2000-11,0
youtube,2000-12,0
youtube,2001-01,0
youtube,2001-02,0
youtube,2001-03,0
youtube,2001-04,0
youtube,2001-05,0
youtube,2001-06,0
youtube,2001-07,0
youtube,2001-08,0
youtube,2001-09,0
youtube,2001-10,0
youtube,2001-11,0
youtube,2001-12,0
youtube,2002-01,0
youtube,2002-02,0
youtube,2002-03,0
youtube,2002-04,0
youtube,2002-05,0
youtube,2002-06,0
youtube,2002-07,0
youtube,2002-08,0
youtube,2002-09,0
youtube,2002-10,0
youtube,2002-11,0
youtube,2002-12,0
youtube,2003-01,0
youtube,2003-02,0
youtube,2003-03,0
youtube,2003-04,0
youtube,2003-05,0
youtube,2003-06,0
youtube,2003-07,0
youtube,2003-08,0
youtube,2003-09,0
youtube,2003-10,0
youtube,2003-11,0
youtube,2003-12,0
youtube,2004-01,0
youtube,2004-02,0
youtube,2004-03,0
youtube,2004-04,0
youtube,2004-05,0
youtube,2004-06,0
youtube,2004-07,0
youtube,2004-08,0
youtube,2004-09,0
youtube,2004-10,0
youtube,2004-11,0
youtube,2004-12,0
youtube,2005-01,0
youtube,2005-02,0
youtube,2005-03,0
youtube,2005-04,0
youtube,2005-05,0
youtube,2005-06,0
youtube,2005-07,0
youtube,2005-08,0
youtube,2005-09,0
youtube,2005-10,0
youtube,2005-11,0
youtube,2005-12,0
youtube,2006-01,0
youtube,2006-02,0
youtube,2006-03,0
youtube,2006-04,0
youtube,2006-05,0
youtube,2006-06,0
youtube,2006-07,2
youtube,2006-08,0
youtube,2006-09,0
youtube,2006-10,1
youtube,2006-11,0
youtube,2006-12,0
youtube,2007-01,0
youtube,2007-02,0
youtube,2007-03,0
youtube,2007-04,1
youtube,2007-05,2
youtube,2007-06,4
youtube,2007-07,2
youtube,2007-08,3
youtube,2007-09,1
youtube,2007-10,0
youtube,2007-11,1
youtube,2007-12,0
youtube,2008-01,1
youtube,2008-02,0
youtube,2008-03,0
youtube,2008-04,4
youtube,2008-05,1
youtube,2008-06,0
youtube,2008-07,0
youtube,2008-08,3
youtube,2008-09,1
youtube,2008-10,3
youtube,2008-11,2
youtube,2008-12,0
youtube,2009-01,1
youtube,2009-02,5
youtube,2009-03,0
youtube,2009-04,8
youtube,2009-05,0
youtube,2009-06,1
youtube,2009-07,6
youtube,2009-08,1
youtube,2009-09,0
youtube,2009-10,0
youtube,2009-11,0
youtube,2009-12,0
youtube,2010-01,6
youtube,2010-02,0
youtube,2010-03,1
youtube,2010-04,0
youtube,2010-05,0
youtube,2010-06,1
youtube,2010-07,4
youtube,2010-08,5
youtube,2010-09,1
youtube,2010-10,0
youtube,2010-11,1
youtube,2010-12,8
youtube,2011-01,5
youtube,2011-02,2
youtube,2011-03,6
youtube,2011-04,1
youtube,2011-05,1
youtube,2011-06,1
youtube,2011-07,0
youtube,2011-08,0
youtube,2011-09,3
youtube,2011-10,1
youtube,2011-11,0
youtube,2011-12,4
youtube,2012-01,0
youtube,2012-02,1
youtube,2012-03,3
youtube,2012-04,1
youtube,2012-05,0
youtube,2012-06,0
youtube,2012-07,1
youtube,2012-08,1
youtube,2012-09,4
youtube,2012-10,10
youtube,2012-11,0
youtube,2012-12,0
youtube,2013-01,19
youtube,2013-02,9
youtube,2013-03,0
youtube,2013-04,0
youtube,2013-05,5
youtube,2013-06,1
youtube,2013-07,3
youtube,2013-08,5
youtube,2013-09,6
youtube,2013-10,0
youtube,2013-11,3
youtube,2013-12,1
youtube,2014-01,10
youtube,2014-02,2
youtube,2014-03,0
youtube,2014-04,0
youtube,2014-05,0
youtube,2014-06,6
youtube,2014-07,5
youtube,2014-08,5
youtube,2014-09,4
youtube,2014-10,6
youtube,2014-11,3
youtube,2014-12,1
youtube,2015-01,14
youtube,2015-02,2
youtube,2015-03,7
youtube,2015-04,0
youtube,2015-05,6
youtube,2015-06,2
youtube,2015-07,3
youtube,2015-08,2
youtube,2015-09,2
youtube,2015-10,1
youtube,2015-11,6
youtube,2015-12,8
youtube,2016-01,3
youtube,2016-02,4
youtube,2016-03,1
youtube,2016-04,2
youtube,2016-05,2
youtube,2016-06,3
youtube,2016-07,0
youtube,2016-08,1
youtube,2016-09,3
youtube,2016-10,5
youtube,2016-11,10
youtube,2016-12,11
youtube,2017-01,0
youtube,2017-02,20
youtube,2017-03,20
youtube,2017-04,13
youtube,2017-05,12
youtube,2017-06,17
youtube,2017-07,8
youtube,2017-08,13
youtube,2017-09,8
youtube,2017-10,48
youtube,2017-11,29
youtube,2017-12,16
youtube,2018-01,26
youtube,2018-02,117
youtube,2018-03,56
youtube,2018-04,36
youtube,2018-05,12
youtube,2018-06,5
youtube,2018-07,6
youtube,2018-08,49
youtube,2018-09,43
youtube,2018-10,25
youtube,2018-11,29
youtube,2018-12,61
youtube,2019-01,71
youtube,2019-02,84
youtube,2019-03,70
youtube,2019-04,70
youtube,2019-05,31
youtube,2019-06,60
youtube,2019-07,34
youtube,2019-08,82
youtube,2019-09,30
youtube,2019-10,35
youtube,2019-11,24
youtube,2019-12,54
youtube,2020-01,34
youtube,2020-02,42
youtube,2020-03,121
youtube,2020-04,67
youtube,2020-05,79
youtube,2020-06,12
youtube,2020-07,46
youtube,2020-08,49
youtube,2020-09,39
youtube,2020-10,137
youtube,2020-11,147
youtube,2020-12,57
youtube,2021-01,91
youtube,2021-02,58
youtube,2021-03,53
youtube,2021-04,74
youtube,2021-05,30
youtube,2021-06,31
youtube,2021-07,77
youtube,2021-08,83
youtube,2021-09,127
youtube,2021-10,76
youtube,2021-11,44
youtube,2021-12,38
youtube,2022-01,63
youtube,2022-02,44
youtube,2022-03,109
youtube,2022-04,72
youtube,2022-05,37
youtube,2022-06,19
youtube,2022-07,31
youtube,2022-08,71
youtube,2022-09,46
youtube,2022-10,64
youtube,2022-11,64
youtube,2022-12,21
youtube,2023-01,11
youtube,2023-02,51
youtube,2023-03,10
youtube,2023-04,12
youtube,2023-05,36
youtube,2023-06,12
youtube,2023-07,17
youtube,2023-08,17
youtube,2023-09,9
youtube,2023-10,22
youtube,2023-11,6
youtube,2023-12,21
youtube,2024-01,20
youtube,2024-02,15
youtube,2024-03,12
youtube,2024-04,18
youtube,2024-05,24
youtube,2024-06,14
youtube,2024-07,18
youtube,2024-08,15
youtube,2024-09,45
youtube,2024-10,39
youtube,2024-11,51
youtube,2024-12,12
youtube,2025-01,25
youtube,2025-02,13
youtube,2025-03,15
youtube,2025-04,14
youtube,2025-05,0
youtube,2025-06,0
youtube,2025-07,0
whatsapp,1980-01,0
whatsapp,1980-02,0
whatsapp,1980-03,0
whatsapp,1980-04,0
whatsapp,1980-05,0
whatsapp,1980-06,0
whatsapp,1980-07,0
whatsapp,1980-08,0
whatsapp,1980-09,0
whatsapp,1980-10,0
whatsapp,1980-11,0
whatsapp,1980-12,0
whatsapp,1981-01,0
whatsapp,1981-02,0
whatsapp,1981-03,0
whatsapp,1981-04,0
whatsapp,1981-05,0
whatsapp,1981-06,0
whatsapp,1981-07,0
whatsapp,1981-08,0
whatsapp,1981-09,0
whatsapp,1981-10,0
whatsapp,1981-11,0
whatsapp,1981-12,0
whatsapp,1982-01,0
whatsapp,1982-02,0
whatsapp,1982-03,0
whatsapp,1982-04,0
whatsapp,1982-05,0
whatsapp,1982-06,0
whatsapp,1982-07,0
whatsapp,1982-08,0
whatsapp,1982-09,0
whatsapp,1982-10,0
whatsapp,1982-11,0
whatsapp,1982-12,0
whatsapp,1983-01,0
whatsapp,1983-02,0
whatsapp,1983-03,0
whatsapp,1983-04,0
whatsapp,1983-05,0
whatsapp,1983-06,0
whatsapp,1983-07,0
whatsapp,1983-08,0
whatsapp,1983-09,0
whatsapp,1983-10,0
whatsapp,1983-11,0
whatsapp,1983-12,0
whatsapp,1984-01,0
whatsapp,1984-02,0
whatsapp,1984-03,0
whatsapp,1984-04,0
whatsapp,1984-05,0
whatsapp,1984-06,0
whatsapp,1984-07,0
whatsapp,1984-08,0
whatsapp,1984-09,0
whatsapp,1984-10,0
whatsapp,1984-11,0
whatsapp,1984-12,0
whatsapp,1985-01,0
whatsapp,1985-02,0
whatsapp,1985-03,0
whatsapp,1985-04,0
whatsapp,1985-05,0
whatsapp,1985-06,0
whatsapp,1985-07,0
whatsapp,1985-08,0
whatsapp,1985-09,0
whatsapp,1985-10,0
whatsapp,1985-11,0
whatsapp,1985-12,0
whatsapp,1986-01,0
whatsapp,1986-02,0
whatsapp,1986-03,0
whatsapp,1986-04,0
whatsapp,1986-05,0
whatsapp,1986-06,0
whatsapp,1986-07,0
whatsapp,1986-08,0
whatsapp,1986-09,0
whatsapp,1986-10,0
whatsapp,1986-11,0
whatsapp,1986-12,0
whatsapp,1987-01,0
whatsapp,1987-02,0
whatsapp,1987-03,0
whatsapp,1987-04,0
whatsapp,1987-05,0
whatsapp,1987-06,0
whatsapp,1987-07,0
whatsapp,1987-08,0
whatsapp,1987-09,0
whatsapp,1987-10,0
whatsapp,1987-11,0
whatsapp,1987-12,0
whatsapp,1988-01,0
whatsapp,1988-02,0
whatsapp,1988-03,0
whatsapp,1988-04,0
whatsapp,1988-05,0
whatsapp,1988-06,0
whatsapp,1988-07,0
whatsapp,1988-08,0
whatsapp,1988-09,0
whatsapp,1988-10,0
whatsapp,1988-11,0
whatsapp,1988-12,0
whatsapp,1989-01,0
whatsapp,1989-02,0
whatsapp,1989-03,0
whatsapp,1989-04,0
whatsapp,1989-05,0
whatsapp,1989-06,0
whatsapp,1989-07,0
whatsapp,1989-08,0
whatsapp,1989-09,0
whatsapp,1989-10,0
whatsapp,1989-11,0
whatsapp,1989-12,0
whatsapp,1990-01,0
whatsapp,1990-02,0
whatsapp,1990-03,0
whatsapp,1990-04,0
whatsapp,1990-05,0
whatsapp,1990-06,0
whatsapp,1990-07,0
whatsapp,1990-08,0
whatsapp,1990-09,0
whatsapp,1990-10,0
whatsapp,1990-11,0
whatsapp,1990-12,0
whatsapp,1991-01,0
whatsapp,1991-02,0
whatsapp,1991-03,0
whatsapp,1991-04,0
whatsapp,1991-05,0
whatsapp,1991-06,0
whatsapp,1991-07,0
whatsapp,1991-08,0
whatsapp,1991-09,0
whatsapp,1991-10,0
whatsapp,1991-11,0
whatsapp,1991-12,0
whatsapp,1992-01,0
whatsapp,1992-02,0
whatsapp,1992-03,0
whatsapp,1992-04,0
whatsapp,1992-05,0
whatsapp,1992-06,0
whatsapp,1992-07,0
whatsapp,1992-08,0
whatsapp,1992-09,0
whatsapp,1992-10,0
whatsapp,1992-11,0
whatsapp,1992-12,0
whatsapp,1993-01,0
whatsapp,1993-02,0
whatsapp,1993-03,0
whatsapp,1993-04,0
whatsapp,1993-05,0
whatsapp,1993-06,0
whatsapp,1993-07,0
whatsapp,1993-08,0
whatsapp,1993-09,0
whatsapp,1993-10,0
whatsapp,1993-11,0
whatsapp,1993-12,0
whatsapp,1994-01,0
whatsapp,1994-02,0
whatsapp,1994-03,0
whatsapp,1994-04,0
whatsapp,1994-05,0
whatsapp,1994-06,0
whatsapp,1994-07,0
whatsapp,1994-08,0
whatsapp,1994-09,0
whatsapp,1994-10,0
whatsapp,1994-11,0
whatsapp,1994-12,0
whatsapp,1995-01,0
whatsapp,1995-02,0
whatsapp,1995-03,0
whatsapp,1995-04,0
whatsapp,1995-05,0
whatsapp,1995-06,0
whatsapp,1995-07,0
whatsapp,1995-08,0
whatsapp,1995-09,0
whatsapp,1995-10,0
whatsapp,1995-11,0
whatsapp,1995-12,0
whatsapp,1996-01,0
whatsapp,1996-02,0
whatsapp,1996-03,0
whatsapp,1996-04,0
whatsapp,1996-05,0
whatsapp,1996-06,0
whatsapp,1996-07,0
whatsapp,1996-08,0
whatsapp,1996-09,0
whatsapp,1996-10,0
whatsapp,1996-11,0
whatsapp,1996-12,0
whatsapp,1997-01,0
whatsapp,1997-02,0
whatsapp,1997-03,0
whatsapp,1997-04,0
whatsapp,1997-05,0
whatsapp,1997-06,0
whatsapp,1997-07,0
whatsapp,1997-08,0
whatsapp,1997-09,0
whatsapp,1997-10,0
whatsapp,1997-11,0
whatsapp,1997-12,0
whatsapp,1998-01,0
whatsapp,1998-02,0
whatsapp,1998-03,0
whatsapp,1998-04,0
whatsapp,1998-05,0
whatsapp,1998-06,0
whatsapp,1998-07,0
whatsapp,1998-08,0
whatsapp,1998-09,0
whatsapp,1998-10,0
whatsapp,1998-11,0
whatsapp,1998-12,0
whatsapp,1999-01,0
whatsapp,1999-02,0
whatsapp,1999-03,0
whatsapp,1999-04,0
whatsapp,1999-05,0
whatsapp,1999-06,0
whatsapp,1999-07,0
whatsapp,1999-08,0
whatsapp,1999-09,0
whatsapp,1999-10,0
whatsapp,1999-11,0
whatsapp,1999-12,0
whatsapp,2000-01,0
whatsapp,2000-02,0
whatsapp,2000-03,0
whatsapp,2000-04,0
whatsapp,2000-05,0
whatsapp,2000-06,0
whatsapp,2000-07,0
whatsapp,2000-08,0
whatsapp,2000-09,0
whatsapp,2000-10,0
whatsapp,2000-11,0
whatsapp,2000-12,0
whatsapp,2001-01,0
whatsapp,2001-02,0
whatsapp,2001-03,0
whatsapp,2001-04,0
whatsapp,2001-05,0
whatsapp,2001-06,0
whatsapp,2001-07,0
whatsapp,2001-08,0
whatsapp,2001-09,0
whatsapp,2001-10,0
whatsapp,2001-11,0
whatsapp,2001-12,0
whatsapp,2002-01,0
whatsapp,2002-02,0
whatsapp,2002-03,0
whatsapp,2002-04,0
whatsapp,2002-05,0
whatsapp,2002-06,0
whatsapp,2002-07,0
whatsapp,2002-08,0
whatsapp,2002-09,0
whatsapp,2002-10,0
whatsapp,2002-11,0
whatsapp,2002-12,0
whatsapp,2003-01,0
whatsapp,2003-02,0
whatsapp,2003-03,0
whatsapp,2003-04,0
whatsapp,2003-05,0
whatsapp,2003-06,0
whatsapp,2003-07,0
whatsapp,2003-08,0
whatsapp,2003-09,0
whatsapp,2003-10,0
whatsapp,2003-11,0
whatsapp,2003-12,0
whatsapp,2004-01,0
whatsapp,2004-02,0
whatsapp,2004-03,0
whatsapp,2004-04,0
whatsapp,2004-05,0
whatsapp,2004-06,0
whatsapp,2004-07,0
whatsapp,2004-08,0
whatsapp,2004-09,0
whatsapp,2004-10,0
whatsapp,2004-11,0
whatsapp,2004-12,0
whatsapp,2005-01,0
whatsapp,2005-02,0
whatsapp,2005-03,0
whatsapp,2005-04,0
whatsapp,2005-05,0
whatsapp,2005-06,0
whatsapp,2005-07,0
whatsapp,2005-08,0
whatsapp,2005-09,0
whatsapp,2005-10,0
whatsapp,2005-11,0
whatsapp,2005-12,0
whatsapp,2006-01,0
whatsapp,2006-02,0
whatsapp,2006-03,0
whatsapp,2006-04,0
whatsapp,2006-05,0
whatsapp,2006-06,0
whatsapp,2006-07,0
whatsapp,2006-08,0
whatsapp,2006-09,0
whatsapp,2006-10,0
whatsapp,2006-11,0
whatsapp,2006-12,0
whatsapp,2007-01,0
whatsapp,2007-02,0
whatsapp,2007-03,0
whatsapp,2007-04,0
whatsapp,2007-05,0
whatsapp,2007-06,0
whatsapp,2007-07,0
whatsapp,2007-08,0
whatsapp,2007-09,0
whatsapp,2007-10,0
whatsapp,2007-11,0
whatsapp,2007-12,0
whatsapp,2008-01,0
whatsapp,2008-02,0
whatsapp,2008-03,0
whatsapp,2008-04,0
whatsapp,2008-05,0
whatsapp,2008-06,0
whatsapp,2008-07,0
whatsapp,2008-08,0
whatsapp,2008-09,0
whatsapp,2008-10,0
whatsapp,2008-11,0
whatsapp,2008-12,0
whatsapp,2009-01,0
whatsapp,2009-02,0
whatsapp,2009-03,0
whatsapp,2009-04,0
whatsapp,2009-05,0
whatsapp,2009-06,0
whatsapp,2009-07,0
whatsapp,2009-08,0
whatsapp,2009-09,0
whatsapp,2009-10,0
whatsapp,2009-11,0
whatsapp,2009-12,0
whatsapp,2010-01,0
whatsapp,2010-02,0
whatsapp,2010-03,0
whatsapp,2010-04,0
whatsapp,2010-05,0
whatsapp,2010-06,0
whatsapp,2010-07,0
whatsapp,2010-08,0
whatsapp,2010-09,0
whatsapp,2010-10,0
whatsapp,2010-11,0
whatsapp,2010-12,0
whatsapp,2011-01,0
whatsapp,2011-02,0
whatsapp,2011-03,0
whatsapp,2011-04,0
whatsapp,2011-05,0
whatsapp,2011-06,0
whatsapp,2011-07,0
whatsapp,2011-08,0
whatsapp,2011-09,0
whatsapp,2011-10,0
whatsapp,2011-11,0
whatsapp,2011-12,0
whatsapp,2012-01,0
whatsapp,2012-02,0
whatsapp,2012-03,0
whatsapp,2012-04,0
whatsapp,2012-05,0
whatsapp,2012-06,0
whatsapp,2012-07,0
whatsapp,2012-08,0
whatsapp,2012-09,0
whatsapp,2012-10,0
whatsapp,2012-11,0
whatsapp,2012-12,0
whatsapp,2013-01,0
whatsapp,2013-02,0
whatsapp,2013-03,0
whatsapp,2013-04,0
whatsapp,2013-05,0
whatsapp,2013-06,0
whatsapp,2013-07,0
whatsapp,2013-08,0
whatsapp,2013-09,0
whatsapp,2013-10,0
whatsapp,2013-11,0
whatsapp,2013-12,0
whatsapp,2014-01,2
whatsapp,2014-02,0
whatsapp,2014-03,0
whatsapp,2014-04,0
whatsapp,2014-05,0
whatsapp,2014-06,1
whatsapp,2014-07,0
whatsapp,2014-08,0
whatsapp,2014-09,0
whatsapp,2014-10,0
whatsapp,2014-11,0
whatsapp,2014-12,1
whatsapp,2015-01,1
whatsapp,2015-02,0
whatsapp,2015-03,0
whatsapp,2015-04,0
whatsapp,2015-05,0
whatsapp,2015-06,0
whatsapp,2015-07,1
whatsapp,2015-08,0
whatsapp,2015-09,0
whatsapp,2015-10,0
whatsapp,2015-11,0
whatsapp,2015-12,0
whatsapp,2016-01,0
whatsapp,2016-02,0
whatsapp,2016-03,0
whatsapp,2016-04,0
whatsapp,2016-05,0
whatsapp,2016-06,0
whatsapp,2016-07,2
whatsapp,2016-08,0
whatsapp,2016-09,0
whatsapp,2016-10,1
whatsapp,2016-11,4
whatsapp,2016-12,0
whatsapp,2017-01,2
whatsapp,2017-02,0
whatsapp,2017-03,4
whatsapp,2017-04,0
whatsapp,2017-05,0
whatsapp,2017-06,2
whatsapp,2017-07,9
whatsapp,2017-08,0
whatsapp,2017-09,1
whatsapp,2017-10,9
whatsapp,2017-11,2
whatsapp,2017-12,2
whatsapp,2018-01,0
whatsapp,2018-02,2
whatsapp,2018-03,6
whatsapp,2018-04,5
whatsapp,2018-05,31
whatsapp,2018-06,14
whatsapp,2018-07,68
whatsapp,2018-08,8
whatsapp,2018-09,7
whatsapp,2018-10,82
whatsapp,2018-11,28
whatsapp,2018-12,9
whatsapp,2019-01,35
whatsapp,2019-02,43
whatsapp,2019-03,34
whatsapp,2019-04,87
whatsapp,2019-05,25
whatsapp,2019-06,4
whatsapp,2019-07,2
whatsapp,2019-08,12
whatsapp,2019-09,5
whatsapp,2019-10,6
whatsapp,2019-11,10
whatsapp,2019-12,10
whatsapp,2020-01,7
whatsapp,2020-02,16
whatsapp,2020-03,76
whatsapp,2020-04,40
whatsapp,2020-05,6
whatsapp,2020-06,8
whatsapp,2020-07,1
whatsapp,2020-08,6
whatsapp,2020-09,11
whatsapp,2020-10,39
whatsapp,2020-11,9
whatsapp,2020-12,23
whatsapp,2021-01,24
whatsapp,2021-02,18
whatsapp,2021-03,5
whatsapp,2021-04,8
whatsapp,2021-05,32
whatsapp,2021-06,15
whatsapp,2021-07,10
whatsapp,2021-08,11
whatsapp,2021-09,0
whatsapp,2021-10,34
whatsapp,2021-11,15
whatsapp,2021-12,6
whatsapp,2022-01,0
whatsapp,2022-02,5
whatsapp,2022-03,7
whatsapp,2022-04,9
whatsapp,2022-05,7
whatsapp,2022-06,1
whatsapp,2022-07,6
whatsapp,2022-08,5
whatsapp,2022-09,4
whatsapp,2022-10,26
whatsapp,2022-11,7
whatsapp,2022-12,1
whatsapp,2023-01,8
whatsapp,2023-02,2
whatsapp,2023-03,2
whatsapp,2023-04,2
whatsapp,2023-05,4
whatsapp,2023-06,2
whatsapp,2023-07,2
whatsapp,2023-08,0
whatsapp,2023-09,1
whatsapp,2023-10,19
whatsapp,2023-11,3
whatsapp,2023-12,4
whatsapp,2024-01,4
whatsapp,2024-02,0
whatsapp,2024-03,2
whatsapp,2024-04,6
whatsapp,2024-05,6
whatsapp,2024-06,0
whatsapp,2024-07,2
whatsapp,2024-08,8
whatsapp,2024-09,10
whatsapp,2024-10,5
whatsapp,2024-11,4
whatsapp,2024-12,0
whatsapp,2025-01,8
whatsapp,2025-02,0
whatsapp,2025-03,2
whatsapp,2025-04,0
whatsapp,2025-05,0
whatsapp,2025-06,0
whatsapp,2025-07,0
telegram,1980-01,0
telegram,1980-02,0
telegram,1980-03,0
telegram,1980-04,0
telegram,1980-05,0
telegram,1980-06,0
telegram,1980-07,0
telegram,1980-08,0
telegram,1980-09,0
telegram,1980-10,0
telegram,1980-11,0
telegram,1980-12,0
telegram,1981-01,0
telegram,1981-02,0
telegram,1981-03,0
telegram,1981-04,0
telegram,1981-05,0
telegram,1981-06,0
telegram,1981-07,0
telegram,1981-08,0
telegram,1981-09,0
telegram,1981-10,0
telegram,1981-11,0
telegram,1981-12,0
telegram,1982-01,0
telegram,1982-02,0
telegram,1982-03,0
telegram,1982-04,0
telegram,1982-05,0
telegram,1982-06,0
telegram,1982-07,0
telegram,1982-08,0
telegram,1982-09,0
telegram,1982-10,0
telegram,1982-11,0
telegram,1982-12,0
telegram,1983-01,0
telegram,1983-02,0
telegram,1983-03,0
telegram,1983-04,0
telegram,1983-05,0
telegram,1983-06,0
telegram,1983-07,0
telegram,1983-08,0
telegram,1983-09,0
telegram,1983-10,0
telegram,1983-11,0
telegram,1983-12,0
telegram,1984-01,0
telegram,1984-02,0
telegram,1984-03,0
telegram,1984-04,0
telegram,1984-05,0
telegram,1984-06,0
telegram,1984-07,0
telegram,1984-08,0
telegram,1984-09,0
telegram,1984-10,0
telegram,1984-11,0
telegram,1984-12,0
telegram,1985-01,0
telegram,1985-02,0
telegram,1985-03,0
telegram,1985-04,0
telegram,1985-05,0
telegram,1985-06,0
telegram,1985-07,0
telegram,1985-08,0
telegram,1985-09,0
telegram,1985-10,0
telegram,1985-11,0
telegram,1985-12,0
telegram,1986-01,1
telegram,1986-02,0
telegram,1986-03,0
telegram,1986-04,0
telegram,1986-05,0
telegram,1986-06,0
telegram,1986-07,1
telegram,1986-08,0
telegram,1986-09,0
telegram,1986-10,1
telegram,1986-11,0
telegram,1986-12,1
telegram,1987-01,0
telegram,1987-02,0
telegram,1987-03,0
telegram,1987-04,0
telegram,1987-05,0
telegram,1987-06,0
telegram,1987-07,0
telegram,1987-08,0
telegram,1987-09,0
telegram,1987-10,0
telegram,1987-11,0
telegram,1987-12,0
telegram,1988-01,0
telegram,1988-02,0
telegram,1988-03,0
telegram,1988-04,0
telegram,1988-05,0
telegram,1988-06,0
telegram,1988-07,0
telegram,1988-08,0
telegram,1988-09,0
telegram,1988-10,0
telegram,1988-11,0
telegram,1988-12,0
telegram,1989-01,0
telegram,1989-02,0
telegram,1989-03,0
telegram,1989-04,0
telegram,1989-05,0
telegram,1989-06,1
telegram,1989-07,0
telegram,1989-08,0
telegram,1989-09,0
telegram,1989-10,0
telegram,1989-11,0
telegram,1989-12,0
telegram,1990-01,0
telegram,1990-02,0
telegram,1990-03,0
telegram,1990-04,0
telegram,1990-05,0
telegram,1990-06,0
telegram,1990-07,0
telegram,1990-08,0
telegram,1990-09,0
telegram,1990-10,0
telegram,1990-11,0
telegram,1990-12,0
telegram,1991-01,0
telegram,1991-02,0
telegram,1991-03,0
telegram,1991-04,0
telegram,1991-05,0
telegram,1991-06,0
telegram,1991-07,0
telegram,1991-08,0
telegram,1991-09,0
telegram,1991-10,0
telegram,1991-11,0
telegram,1991-12,0
telegram,1992-01,0
telegram,1992-02,0
telegram,1992-03,0
telegram,1992-04,0
telegram,1992-05,0
telegram,1992-06,0
telegram,1992-07,0
telegram,1992-08,0
telegram,1992-09,0
telegram,1992-10,0
telegram,1992-11,0
telegram,1992-12,0
telegram,1993-01,0
telegram,1993-02,0
telegram,1993-03,0
telegram,1993-04,0
telegram,1993-05,0
telegram,1993-06,0
telegram,1993-07,0
telegram,1993-08,0
telegram,1993-09,0
telegram,1993-10,1
telegram,1993-11,0
telegram,1993-12,0
telegram,1994-01,0
telegram,1994-02,0
telegram,1994-03,0
telegram,1994-04,0
telegram,1994-05,0
telegram,1994-06,0
telegram,1994-07,0
telegram,1994-08,0
telegram,1994-09,0
telegram,1994-10,0
telegram,1994-11,0
telegram,1994-12,0
telegram,1995-01,0
telegram,1995-02,0
telegram,1995-03,0
telegram,1995-04,0
telegram,1995-05,0
telegram,1995-06,0
telegram,1995-07,0
telegram,1995-08,0
telegram,1995-09,0
telegram,1995-10,0
telegram,1995-11,0
telegram,1995-12,0
telegram,1996-01,0
telegram,1996-02,0
telegram,1996-03,0
telegram,1996-04,0
telegram,1996-05,0
telegram,1996-06,0
telegram,1996-07,0
telegram,1996-08,0
telegram,1996-09,0
telegram,1996-10,0
telegram,1996-11,0
telegram,1996-12,0
telegram,1997-01,0
telegram,1997-02,0
telegram,1997-03,0
telegram,1997-04,0
telegram,1997-05,0
telegram,1997-06,0
telegram,1997-07,0
telegram,1997-08,0
telegram,1997-09,0
telegram,1997-10,0
telegram,1997-11,0
telegram,1997-12,0
telegram,1998-01,0
telegram,1998-02,0
telegram,1998-03,0
telegram,1998-04,0
telegram,1998-05,0
telegram,1998-06,0
telegram,1998-07,0
telegram,1998-08,0
telegram,1998-09,0
telegram,1998-10,0
telegram,1998-11,0
telegram,1998-12,0
telegram,1999-01,0
telegram,1999-02,0
telegram,1999-03,0
telegram,1999-04,0
telegram,1999-05,0
telegram,1999-06,0
telegram,1999-07,0
telegram,1999-08,0
telegram,1999-09,0
telegram,1999-10,0
telegram,1999-11,0
telegram,1999-12,0
telegram,2000-01,0
telegram,2000-02,0
telegram,2000-03,0
telegram,2000-04,0
telegram,2000-05,0
telegram,2000-06,0
telegram,2000-07,0
telegram,2000-08,0
telegram,2000-09,0
telegram,2000-10,0
telegram,2000-11,0
telegram,2000-12,0
telegram,2001-01,0
telegram,2001-02,0
telegram,2001-03,0
telegram,2001-04,0
telegram,2001-05,0
telegram,2001-06,0
telegram,2001-07,0
telegram,2001-08,0
telegram,2001-09,0
telegram,2001-10,0
telegram,2001-11,0
telegram,2001-12,0
telegram,2002-01,0
telegram,2002-02,0
telegram,2002-03,0
telegram,2002-04,0
telegram,2002-05,0
telegram,2002-06,0
telegram,2002-07,0
telegram,2002-08,0
telegram,2002-09,0
telegram,2002-10,0
telegram,2002-11,0
telegram,2002-12,0
telegram,2003-01,0
telegram,2003-02,0
telegram,2003-03,0
telegram,2003-04,0
telegram,2003-05,0
telegram,2003-06,0
telegram,2003-07,0
telegram,2003-08,0
telegram,2003-09,0
telegram,2003-10,0
telegram,2003-11,0
telegram,2003-12,0
telegram,2004-01,0
telegram,2004-02,0
telegram,2004-03,0
telegram,2004-04,0
telegram,2004-05,0
telegram,2004-06,0
telegram,2004-07,0
telegram,2004-08,0
telegram,2004-09,0
telegram,2004-10,0
telegram,2004-11,0
telegram,2004-12,0
telegram,2005-01,0
telegram,2005-02,0
telegram,2005-03,0
telegram,2005-04,0
telegram,2005-05,0
telegram,2005-06,0
telegram,2005-07,0
telegram,2005-08,0
telegram,2005-09,0
telegram,2005-10,0
telegram,2005-11,0
telegram,2005-12,0
telegram,2006-01,0
telegram,2006-02,0
telegram,2006-03,1
telegram,2006-04,0
telegram,2006-05,0
telegram,2006-06,0
telegram,2006-07,0
telegram,2006-08,0
telegram,2006-09,0
telegram,2006-10,0
telegram,2006-11,0
telegram,2006-12,0
telegram,2007-01,0
telegram,2007-02,0
telegram,2007-03,0
telegram,2007-04,0
telegram,2007-05,0
telegram,2007-06,0
telegram,2007-07,0
telegram,2007-08,0
telegram,2007-09,0
telegram,2007-10,0
telegram,2007-11,0
telegram,2007-12,0
telegram,2008-01,0
telegram,2008-02,0
telegram,2008-03,0
telegram,2008-04,0
telegram,2008-05,0
telegram,2008-06,0
telegram,2008-07,0
telegram,2008-08,0
telegram,2008-09,0
telegram,2008-10,0
telegram,2008-11,0
telegram,2008-12,0
telegram,2009-01,0
telegram,2009-02,0
telegram,2009-03,0
telegram,2009-04,0
telegram,2009-05,0
telegram,2009-06,0
telegram,2009-07,0
telegram,2009-08,0
telegram,2009-09,0
telegram,2009-10,0
telegram,2009-11,0
telegram,2009-12,0
telegram,2010-01,0
telegram,2010-02,0
telegram,2010-03,0
telegram,2010-04,0
telegram,2010-05,0
telegram,2010-06,0
telegram,2010-07,0
telegram,2010-08,0
telegram,2010-09,0
telegram,2010-10,0
telegram,2010-11,0
telegram,2010-12,0
telegram,2011-01,0
telegram,2011-02,0
telegram,2011-03,0
telegram,2011-04,0
telegram,2011-05,0
telegram,2011-06,0
telegram,2011-07,0
telegram,2011-08,0
telegram,2011-09,0
telegram,2011-10,0
telegram,2011-11,0
telegram,2011-12,0
telegram,2012-01,0
telegram,2012-02,0
telegram,2012-03,0
telegram,2012-04,0
telegram,2012-05,0
telegram,2012-06,0
telegram,2012-07,0
telegram,2012-08,0
telegram,2012-09,0
telegram,2012-10,0
telegram,2012-11,0
telegram,2012-12,0
telegram,2013-01,0
telegram,2013-02,0
telegram,2013-03,0
telegram,2013-04,0
telegram,2013-05,0
telegram,2013-06,0
telegram,2013-07,0
telegram,2013-08,0
telegram,2013-09,0
telegram,2013-10,0
telegram,2013-11,0
telegram,2013-12,0
telegram,2014-01,0
telegram,2014-02,0
telegram,2014-03,0
telegram,2014-04,0
telegram,2014-05,0
telegram,2014-06,0
telegram,2014-07,0
telegram,2014-08,0
telegram,2014-09,0
telegram,2014-10,0
telegram,2014-11,0
telegram,2014-12,0
telegram,2015-01,4
telegram,2015-02,0
telegram,2015-03,0
telegram,2015-04,0
telegram,2015-05,0
telegram,2015-06,0
telegram,2015-07,0
telegram,2015-08,0
telegram,2015-09,0
telegram,2015-10,6
telegram,2015-11,10
telegram,2015-12,0
telegram,2016-01,0
telegram,2016-02,0
telegram,2016-03,0
telegram,2016-04,2
telegram,2016-05,0
telegram,2016-06,3
telegram,2016-07,3
telegram,2016-08,1
telegram,2016-09,0
telegram,2016-10,1
telegram,2016-11,0
telegram,2016-12,2
telegram,2017-01,1
telegram,2017-02,0
telegram,2017-03,2
telegram,2017-04,0
telegram,2017-05,2
telegram,2017-06,2
telegram,2017-07,3
telegram,2017-08,2
telegram,2017-09,0
telegram,2017-10,0
telegram,2017-11,4
telegram,2017-12,2
telegram,2018-01,4
telegram,2018-02,0
telegram,2018-03,3
telegram,2018-04,0
telegram,2018-05,6
telegram,2018-06,0
telegram,2018-07,8
telegram,2018-08,3
telegram,2018-09,0
telegram,2018-10,0
telegram,2018-11,0
telegram,2018-12,2
telegram,2019-01,1
telegram,2019-02,0
telegram,2019-03,2
telegram,2019-04,0
telegram,2019-05,2
telegram,2019-06,4
telegram,2019-07,0
telegram,2019-08,1
telegram,2019-09,0
telegram,2019-10,1
telegram,2019-11,3
telegram,2019-12,1
telegram,2020-01,0
telegram,2020-02,0
telegram,2020-03,0
telegram,2020-04,1
telegram,2020-05,0
telegram,2020-06,4
telegram,2020-07,1
telegram,2020-08,0
telegram,2020-09,4
telegram,2020-10,17
telegram,2020-11,4
telegram,2020-12,1
telegram,2021-01,23
telegram,2021-02,14
telegram,2021-03,12
telegram,2021-04,2
telegram,2021-05,6
telegram,2021-06,11
telegram,2021-07,7
telegram,2021-08,4
telegram,2021-09,5
telegram,2021-10,3
telegram,2021-11,26
telegram,2021-12,16
telegram,2022-01,11
telegram,2022-02,27
telegram,2022-03,93
telegram,2022-04,52
telegram,2022-05,21
telegram,2022-06,7
telegram,2022-07,5
telegram,2022-08,13
telegram,2022-09,4
telegram,2022-10,23
telegram,2022-11,10
telegram,2022-12,24
telegram,2023-01,19
telegram,2023-02,1
telegram,2023-03,13
telegram,2023-04,25
telegram,2023-05,5
telegram,2023-06,6
telegram,2023-07,8
telegram,2023-08,1
telegram,2023-09,7
telegram,2023-10,21
telegram,2023-11,8
telegram,2023-12,4
telegram,2024-01,0
telegram,2024-02,3
telegram,2024-03,10
telegram,2024-04,5
telegram,2024-05,5
telegram,2024-06,4
telegram,2024-07,9
telegram,2024-08,56
telegram,2024-09,31
telegram,2024-10,9
telegram,2024-11,10
telegram,2024-12,37
telegram,2025-01,7
telegram,2025-02,4
telegram,2025-03,3
telegram,2025-04,0
telegram,2025-05,0
telegram,2025-06,0
telegram,2025-07,0
tiktok,1980-01,0
tiktok,1980-02,0
tiktok,1980-03,0
tiktok,1980-04,0
tiktok,1980-05,0
tiktok,1980-06,0
tiktok,1980-07,0
tiktok,1980-08,0
tiktok,1980-09,0
tiktok,1980-10,0
tiktok,1980-11,0
tiktok,1980-12,0
tiktok,1981-01,0
tiktok,1981-02,0
tiktok,1981-03,0
tiktok,1981-04,0
tiktok,1981-05,0
tiktok,1981-06,0
tiktok,1981-07,0
tiktok,1981-08,0
tiktok,1981-09,0
tiktok,1981-10,0
tiktok,1981-11,0
tiktok,1981-12,0
tiktok,1982-01,0
tiktok,1982-02,0
tiktok,1982-03,0
tiktok,1982-04,0
tiktok,1982-05,0
tiktok,1982-06,0
tiktok,1982-07,0
tiktok,1982-08,0
tiktok,1982-09,0
tiktok,1982-10,0
tiktok,1982-11,0
tiktok,1982-12,0
tiktok,1983-01,0
tiktok,1983-02,0
tiktok,1983-03,0
tiktok,1983-04,0
tiktok,1983-05,0
tiktok,1983-06,0
tiktok,1983-07,0
tiktok,1983-08,0
tiktok,1983-09,0
tiktok,1983-10,0
tiktok,1983-11,0
tiktok,1983-12,0
tiktok,1984-01,0
tiktok,1984-02,0
tiktok,1984-03,0
tiktok,1984-04,0
tiktok,1984-05,0
tiktok,1984-06,0
tiktok,1984-07,0
tiktok,1984-08,0
tiktok,1984-09,0
tiktok,1984-10,0
tiktok,1984-11,0
tiktok,1984-12,0
tiktok,1985-01,0
tiktok,1985-02,0
tiktok,1985-03,0
tiktok,1985-04,0
tiktok,1985-05,0
tiktok,1985-06,0
tiktok,1985-07,0
tiktok,1985-08,0
tiktok,1985-09,0
tiktok,1985-10,0
tiktok,1985-11,0
tiktok,1985-12,0
tiktok,1986-01,0
tiktok,1986-02,0
tiktok,1986-03,0
tiktok,1986-04,0
tiktok,1986-05,0
tiktok,1986-06,0
tiktok,1986-07,0
tiktok,1986-08,0
tiktok,1986-09,0
tiktok,1986-10,0
tiktok,1986-11,0
tiktok,1986-12,0
tiktok,1987-01,0
tiktok,1987-02,0
tiktok,1987-03,0
tiktok,1987-04,0
tiktok,1987-05,0
tiktok,1987-06,0
tiktok,1987-07,0
tiktok,1987-08,0
tiktok,1987-09,0
tiktok,1987-10,0
tiktok,1987-11,0
tiktok,1987-12,0
tiktok,1988-01,0
tiktok,1988-02,0
tiktok,1988-03,0
tiktok,1988-04,0
tiktok,1988-05,0
tiktok,1988-06,0
tiktok,1988-07,0
tiktok,1988-08,0
tiktok,1988-09,0
tiktok,1988-10,0
tiktok,1988-11,0
tiktok,1988-12,0
tiktok,1989-01,0
tiktok,1989-02,0
tiktok,1989-03,0
tiktok,1989-04,0
tiktok,1989-05,0
tiktok,1989-06,0
tiktok,1989-07,0
tiktok,1989-08,0
tiktok,1989-09,0
tiktok,1989-10,0
tiktok,1989-11,0
tiktok,1989-12,0
tiktok,1990-01,0
tiktok,1990-02,0
tiktok,1990-03,0
tiktok,1990-04,0
tiktok,1990-05,0
tiktok,1990-06,0
tiktok,1990-07,0
tiktok,1990-08,0
tiktok,1990-09,0
tiktok,1990-10,0
tiktok,1990-11,0
tiktok,1990-12,0
tiktok,1991-01,0
tiktok,1991-02,0
tiktok,1991-03,0
tiktok,1991-04,0
tiktok,1991-05,0
tiktok,1991-06,0
tiktok,1991-07,0
tiktok,1991-08,0
tiktok,1991-09,0
tiktok,1991-10,0
tiktok,1991-11,0
tiktok,1991-12,0
tiktok,1992-01,0
tiktok,1992-02,0
tiktok,1992-03,0
tiktok,1992-04,0
tiktok,1992-05,0
tiktok,1992-06,0
tiktok,1992-07,0
tiktok,1992-08,0
tiktok,1992-09,0
tiktok,1992-10,0
tiktok,1992-11,0
tiktok,1992-12,0
tiktok,1993-01,0
tiktok,1993-02,0
tiktok,1993-03,0
tiktok,1993-04,0
tiktok,1993-05,0
tiktok,1993-06,0
tiktok,1993-07,0
tiktok,1993-08,0
tiktok,1993-09,0
tiktok,1993-10,0
tiktok,1993-11,0
tiktok,1993-12,0
tiktok,1994-01,0
tiktok,1994-02,0
tiktok,1994-03,0
tiktok,1994-04,0
tiktok,1994-05,0
tiktok,1994-06,0
tiktok,1994-07,0
tiktok,1994-08,0
tiktok,1994-09,0
tiktok,1994-10,0
tiktok,1994-11,0
tiktok,1994-12,0
tiktok,1995-01,0
tiktok,1995-02,0
tiktok,1995-03,0
tiktok,1995-04,0
tiktok,1995-05,0
tiktok,1995-06,0
tiktok,1995-07,0
tiktok,1995-08,0
tiktok,1995-09,0
tiktok,1995-10,0
tiktok,1995-11,0
tiktok,1995-12,0
tiktok,1996-01,0
tiktok,1996-02,0
tiktok,1996-03,0
tiktok,1996-04,0
tiktok,1996-05,0
tiktok,1996-06,0
tiktok,1996-07,0
tiktok,1996-08,0
tiktok,1996-09,0
tiktok,1996-10,0
tiktok,1996-11,0
tiktok,1996-12,0
tiktok,1997-01,0
tiktok,1997-02,0
tiktok,1997-03,0
tiktok,1997-04,0
tiktok,1997-05,0
tiktok,1997-06,0
tiktok,1997-07,0
tiktok,1997-08,0
tiktok,1997-09,0
tiktok,1997-10,0
tiktok,1997-11,0
tiktok,1997-12,0
tiktok,1998-01,0
tiktok,1998-02,0
tiktok,1998-03,0
tiktok,1998-04,0
tiktok,1998-05,0
tiktok,1998-06,0
tiktok,1998-07,0
tiktok,1998-08,0
tiktok,1998-09,0
tiktok,1998-10,0
tiktok,1998-11,0
tiktok,1998-12,0
tiktok,1999-01,0
tiktok,1999-02,0
tiktok,1999-03,0
tiktok,1999-04,0
tiktok,1999-05,0
tiktok,1999-06,0
tiktok,1999-07,0
tiktok,1999-08,0
tiktok,1999-09,0
tiktok,1999-10,0
tiktok,1999-11,0
tiktok,1999-12,0
tiktok,2000-01,0
tiktok,2000-02,0
tiktok,2000-03,0
tiktok,2000-04,0
tiktok,2000-05,0
tiktok,2000-06,0
tiktok,2000-07,0
tiktok,2000-08,0
tiktok,2000-09,0
tiktok,2000-10,0
tiktok,2000-11,0
tiktok,2000-12,0
tiktok,2001-01,0
tiktok,2001-02,0
tiktok,2001-03,0
tiktok,2001-04,0
tiktok,2001-05,0
tiktok,2001-06,0
tiktok,2001-07,0
tiktok,2001-08,0
tiktok,2001-09,0
tiktok,2001-10,0
tiktok,2001-11,0
tiktok,2001-12,0
tiktok,2002-01,0
tiktok,2002-02,0
tiktok,2002-03,0
tiktok,2002-04,0
tiktok,2002-05,0
tiktok,2002-06,0
tiktok,2002-07,0
tiktok,2002-08,0
tiktok,2002-09,0
tiktok,2002-10,0
tiktok,2002-11,0
tiktok,2002-12,0
tiktok,2003-01,0
tiktok,2003-02,0
tiktok,2003-03,0
tiktok,2003-04,0
tiktok,2003-05,0
tiktok,2003-06,0
tiktok,2003-07,0
tiktok,2003-08,0
tiktok,2003-09,0
tiktok,2003-10,0
tiktok,2003-11,0
tiktok,2003-12,0
tiktok,2004-01,0
tiktok,2004-02,0
tiktok,2004-03,0
tiktok,2004-04,0
tiktok,2004-05,0
tiktok,2004-06,0
tiktok,2004-07,0
tiktok,2004-08,0
tiktok,2004-09,0
tiktok,2004-10,0
tiktok,2004-11,0
tiktok,2004-12,0
tiktok,2005-01,0
tiktok,2005-02,0
tiktok,2005-03,0
tiktok,2005-04,0
tiktok,2005-05,0
tiktok,2005-06,0
tiktok,2005-07,0
tiktok,2005-08,0
tiktok,2005-09,0
tiktok,2005-10,0
tiktok,2005-11,0
tiktok,2005-12,0
tiktok,2006-01,0
tiktok,2006-02,0
tiktok,2006-03,0
tiktok,2006-04,0
tiktok,2006-05,0
tiktok,2006-06,0
tiktok,2006-07,0
tiktok,2006-08,0
tiktok,2006-09,0
tiktok,2006-10,0
tiktok,2006-11,0
tiktok,2006-12,0
tiktok,2007-01,0
tiktok,2007-02,0
tiktok,2007-03,0
tiktok,2007-04,0
tiktok,2007-05,0
tiktok,2007-06,0
tiktok,2007-07,0
tiktok,2007-08,0
tiktok,2007-09,0
tiktok,2007-10,0
tiktok,2007-11,0
tiktok,2007-12,0
tiktok,2008-01,0
tiktok,2008-02,0
tiktok,2008-03,0
tiktok,2008-04,0
tiktok,2008-05,0
tiktok,2008-06,0
tiktok,2008-07,0
tiktok,2008-08,0
tiktok,2008-09,0
tiktok,2008-10,0
tiktok,2008-11,0
tiktok,2008-12,0
tiktok,2009-01,0
tiktok,2009-02,0
tiktok,2009-03,0
tiktok,2009-04,0
tiktok,2009-05,0
tiktok,2009-06,0
tiktok,2009-07,0
tiktok,2009-08,0
tiktok,2009-09,0
tiktok,2009-10,0
tiktok,2009-11,0
tiktok,2009-12,0
tiktok,2010-01,0
tiktok,2010-02,0
tiktok,2010-03,0
tiktok,2010-04,0
tiktok,2010-05,0
tiktok,2010-06,0
tiktok,2010-07,0
tiktok,2010-08,0
tiktok,2010-09,0
tiktok,2010-10,0
tiktok,2010-11,0
tiktok,2010-12,0
tiktok,2011-01,0
tiktok,2011-02,0
tiktok,2011-03,0
tiktok,2011-04,0
tiktok,2011-05,0
tiktok,2011-06,0
tiktok,2011-07,0
tiktok,2011-08,0
tiktok,2011-09,0
tiktok,2011-10,0
tiktok,2011-11,0
tiktok,2011-12,0
tiktok,2012-01,0
tiktok,2012-02,0
tiktok,2012-03,0
tiktok,2012-04,0
tiktok,2012-05,0
tiktok,2012-06,0
tiktok,2012-07,0
tiktok,2012-08,0
tiktok,2012-09,0
tiktok,2012-10,0
tiktok,2012-11,0
tiktok,2012-12,0
tiktok,2013-01,0
tiktok,2013-02,0
tiktok,2013-03,0
tiktok,2013-04,0
tiktok,2013-05,0
tiktok,2013-06,0
tiktok,2013-07,0
tiktok,2013-08,0
tiktok,2013-09,0
tiktok,2013-10,0
tiktok,2013-11,0
tiktok,2013-12,0
tiktok,2014-01,0
tiktok,2014-02,0
tiktok,2014-03,0
tiktok,2014-04,0
tiktok,2014-05,0
tiktok,2014-06,0
tiktok,2014-07,0
tiktok,2014-08,0
tiktok,2014-09,0
tiktok,2014-10,0
tiktok,2014-11,0
tiktok,2014-12,0
tiktok,2015-01,0
tiktok,2015-02,0
tiktok,2015-03,0
tiktok,2015-04,0
tiktok,2015-05,0
tiktok,2015-06,0
tiktok,2015-07,0
tiktok,2015-08,0
tiktok,2015-09,0
tiktok,2015-10,0
tiktok,2015-11,0
tiktok,2015-12,0
tiktok,2016-01,0
tiktok,2016-02,0
tiktok,2016-03,0
tiktok,2016-04,0
tiktok,2016-05,0
tiktok,2016-06,0
tiktok,2016-07,0
tiktok,2016-08,0
tiktok,2016-09,0
tiktok,2016-10,0
tiktok,2016-11,0
tiktok,2016-12,0
tiktok,2017-01,0
tiktok,2017-02,0
tiktok,2017-03,0
tiktok,2017-04,0
tiktok,2017-05,0
tiktok,2017-06,0
tiktok,2017-07,0
tiktok,2017-08,0
tiktok,2017-09,0
tiktok,2017-10,0
tiktok,2017-11,0
tiktok,2017-12,0
tiktok,2018-01,0
tiktok,2018-02,0
tiktok,2018-03,0
tiktok,2018-04,0
tiktok,2018-05,0
tiktok,2018-06,0
tiktok,2018-07,0
tiktok,2018-08,0
tiktok,2018-09,0
tiktok,2018-10,0
tiktok,2018-11,0
tiktok,2018-12,0
tiktok,2019-01,0
tiktok,2019-02,0
tiktok,2019-03,1
tiktok,2019-04,8
tiktok,2019-05,0
tiktok,2019-06,0
tiktok,2019-07,0
tiktok,2019-08,2
tiktok,2019-09,3
tiktok,2019-10,20
tiktok,2019-11,12
tiktok,2019-12,1
tiktok,2020-01,7
tiktok,2020-02,8
tiktok,2020-03,15
tiktok,2020-04,0
tiktok,2020-05,4
tiktok,2020-06,11
tiktok,2020-07,69
tiktok,2020-08,81
tiktok,2020-09,37
tiktok,2020-10,39
tiktok,2020-11,23
tiktok,2020-12,28
tiktok,2021-01,8
tiktok,2021-02,18
tiktok,2021-03,4
tiktok,2021-04,7
tiktok,2021-05,17
tiktok,2021-06,1
tiktok,2021-07,5
tiktok,2021-08,15
tiktok,2021-09,9
tiktok,2021-10,14
tiktok,2021-11,11
tiktok,2021-12,26
tiktok,2022-01,21
tiktok,2022-02,15
tiktok,2022-03,151
tiktok,2022-04,40
tiktok,2022-05,27
tiktok,2022-06,35
tiktok,2022-07,46
tiktok,2022-08,121
tiktok,2022-09,39
tiktok,2022-10,58
tiktok,2022-11,74
tiktok,2022-12,40
tiktok,2023-01,53
tiktok,2023-02,64
tiktok,2023-03,157
tiktok,2023-04,58
tiktok,2023-05,39
tiktok,2023-06,32
tiktok,2023-07,7
tiktok,2023-08,2
tiktok,2023-09,8
tiktok,2023-10,69
tiktok,2023-11,81
tiktok,2023-12,33
tiktok,2024-01,22
tiktok,2024-02,21
tiktok,2024-03,94
tiktok,2024-04,53
tiktok,2024-05,93
tiktok,2024-06,20
tiktok,2024-07,15
tiktok,2024-08,19
tiktok,2024-09,49
tiktok,2024-10,31
tiktok,2024-11,19
tiktok,2024-12,42
tiktok,2025-01,102
tiktok,2025-02,20
tiktok,2025-03,10
tiktok,2025-04,8
tiktok,2025-05,0
tiktok,2025-06,0
tiktok,2025-07,0
twitter,1980-01,0
twitter,1980-02,0
twitter,1980-03,0
twitter,1980-04,0
twitter,1980-05,0
twitter,1980-06,0
twitter,1980-07,0
twitter,1980-08,0
twitter,1980-09,0
twitter,1980-10,0
twitter,1980-11,0
twitter,1980-12,0
twitter,1981-01,0
twitter,1981-02,0
twitter,1981-03,0
twitter,1981-04,0
twitter,1981-05,0
twitter,1981-06,0
twitter,1981-07,0
twitter,1981-08,0
twitter,1981-09,0
twitter,1981-10,0
twitter,1981-11,0
twitter,1981-12,0
twitter,1982-01,0
twitter,1982-02,0
twitter,1982-03,0
twitter,1982-04,0
twitter,1982-05,0
twitter,1982-06,0
twitter,1982-07,0
twitter,1982-08,0
twitter,1982-09,0
twitter,1982-10,0
twitter,1982-11,0
twitter,1982-12,0
twitter,1983-01,0
twitter,1983-02,0
twitter,1983-03,0
twitter,1983-04,0
twitter,1983-05,0
twitter,1983-06,0
twitter,1983-07,0
twitter,1983-08,0
twitter,1983-09,0
twitter,1983-10,0
twitter,1983-11,0
twitter,1983-12,0
twitter,1984-01,0
twitter,1984-02,0
twitter,1984-03,0
twitter,1984-04,0
twitter,1984-05,0
twitter,1984-06,0
twitter,1984-07,0
twitter,1984-08,0
twitter,1984-09,0
twitter,1984-10,0
twitter,1984-11,0
twitter,1984-12,0
twitter,1985-01,0
twitter,1985-02,0
twitter,1985-03,0
twitter,1985-04,0
twitter,1985-05,0
twitter,1985-06,0
twitter,1985-07,0
twitter,1985-08,0
twitter,1985-09,0
twitter,1985-10,0
twitter,1985-11,0
twitter,1985-12,0
twitter,1986-01,0
twitter,1986-02,0
twitter,1986-03,0
twitter,1986-04,0
twitter,1986-05,0
twitter,1986-06,0
twitter,1986-07,0
twitter,1986-08,0
twitter,1986-09,0
twitter,1986-10,0
twitter,1986-11,0
twitter,1986-12,0
twitter,1987-01,0
twitter,1987-02,0
twitter,1987-03,0
twitter,1987-04,0
twitter,1987-05,0
twitter,1987-06,0
twitter,1987-07,0
twitter,1987-08,0
twitter,1987-09,0
twitter,1987-10,0
twitter,1987-11,0
twitter,1987-12,0
twitter,1988-01,0
twitter,1988-02,0
twitter,1988-03,0
twitter,1988-04,0
twitter,1988-05,0
twitter,1988-06,0
twitter,1988-07,0
twitter,1988-08,0
twitter,1988-09,0
twitter,1988-10,0
twitter,1988-11,0
twitter,1988-12,0
twitter,1989-01,0
twitter,1989-02,0
twitter,1989-03,0
twitter,1989-04,0
twitter,1989-05,0
twitter,1989-06,0
twitter,1989-07,0
twitter,1989-08,0
twitter,1989-09,0
twitter,1989-10,0
twitter,1989-11,0
twitter,1989-12,0
twitter,1990-01,0
twitter,1990-02,0
twitter,1990-03,0
twitter,1990-04,0
twitter,1990-05,0
twitter,1990-06,0
twitter,1990-07,0
twitter,1990-08,0
twitter,1990-09,0
twitter,1990-10,0
twitter,1990-11,0
twitter,1990-12,0
twitter,1991-01,0
twitter,1991-02,0
twitter,1991-03,0
twitter,1991-04,0
twitter,1991-05,0
twitter,1991-06,0
twitter,1991-07,0
twitter,1991-08,0
twitter,1991-09,0
twitter,1991-10,0
twitter,1991-11,0
twitter,1991-12,0
twitter,1992-01,0
twitter,1992-02,0
twitter,1992-03,0
twitter,1992-04,0
twitter,1992-05,0
twitter,1992-06,0
twitter,1992-07,0
twitter,1992-08,0
twitter,1992-09,0
twitter,1992-10,0
twitter,1992-11,0
twitter,1992-12,0
twitter,1993-01,0
twitter,1993-02,0
twitter,1993-03,0
twitter,1993-04,0
twitter,1993-05,0
twitter,1993-06,0
twitter,1993-07,0
twitter,1993-08,0
twitter,1993-09,0
twitter,1993-10,0
twitter,1993-11,0
twitter,1993-12,0
twitter,1994-01,0
twitter,1994-02,0
twitter,1994-03,0
twitter,1994-04,0
twitter,1994-05,0
twitter,1994-06,0
twitter,1994-07,0
twitter,1994-08,0
twitter,1994-09,0
twitter,1994-10,0
twitter,1994-11,0
twitter,1994-12,0
twitter,1995-01,0
twitter,1995-02,0
twitter,1995-03,0
twitter,1995-04,0
twitter,1995-05,0
twitter,1995-06,0
twitter,1995-07,0
twitter,1995-08,0
twitter,1995-09,0
twitter,1995-10,0
twitter,1995-11,0
twitter,1995-12,0
twitter,1996-01,0
twitter,1996-02,0
twitter,1996-03,0
twitter,1996-04,0
twitter,1996-05,0
twitter,1996-06,0
twitter,1996-07,0
twitter,1996-08,0
twitter,1996-09,0
twitter,1996-10,0
twitter,1996-11,0
twitter,1996-12,0
twitter,1997-01,0
twitter,1997-02,0
twitter,1997-03,0
twitter,1997-04,0
twitter,1997-05,0
twitter,1997-06,0
twitter,1997-07,0
twitter,1997-08,0
twitter,1997-09,0
twitter,1997-10,0
twitter,1997-11,0
twitter,1997-12,0
twitter,1998-01,0
twitter,1998-02,0
twitter,1998-03,0
twitter,1998-04,0
twitter,1998-05,0
twitter,1998-06,0
twitter,1998-07,0
twitter,1998-08,0
twitter,1998-09,0
twitter,1998-10,0
twitter,1998-11,0
twitter,1998-12,0
twitter,1999-01,0
twitter,1999-02,0
twitter,1999-03,0
twitter,1999-04,0
twitter,1999-05,0
twitter,1999-06,0
twitter,1999-07,0
twitter,1999-08,0
twitter,1999-09,0
twitter,1999-10,0
twitter,1999-11,0
twitter,1999-12,0
twitter,2000-01,0
twitter,2000-02,0
twitter,2000-03,0
twitter,2000-04,0
twitter,2000-05,0
twitter,2000-06,0
twitter,2000-07,0
twitter,2000-08,0
twitter,2000-09,0
twitter,2000-10,0
twitter,2000-11,0
twitter,2000-12,0
twitter,2001-01,0
twitter,2001-02,0
twitter,2001-03,0
twitter,2001-04,0
twitter,2001-05,0
twitter,2001-06,0
twitter,2001-07,0
twitter,2001-08,0
twitter,2001-09,0
twitter,2001-10,0
twitter,2001-11,0
twitter,2001-12,0
twitter,2002-01,0
twitter,2002-02,0
twitter,2002-03,0
twitter,2002-04,0
twitter,2002-05,0
twitter,2002-06,0
twitter,2002-07,0
twitter,2002-08,0
twitter,2002-09,0
twitter,2002-10,0
twitter,2002-11,0
twitter,2002-12,0
twitter,2003-01,0
twitter,2003-02,0
twitter,2003-03,0
twitter,2003-04,0
twitter,2003-05,0
twitter,2003-06,0
twitter,2003-07,0
twitter,2003-08,0
twitter,2003-09,0
twitter,2003-10,0
twitter,2003-11,0
twitter,2003-12,0
twitter,2004-01,0
twitter,2004-02,0
twitter,2004-03,0
twitter,2004-04,0
twitter,2004-05,0
twitter,2004-06,0
twitter,2004-07,0
twitter,2004-08,0
twitter,2004-09,0
twitter,2004-10,0
twitter,2004-11,0
twitter,2004-12,0
twitter,2005-01,0
twitter,2005-02,0
twitter,2005-03,0
twitter,2005-04,0
twitter,2005-05,0
twitter,2005-06,0
twitter,2005-07,0
twitter,2005-08,0
twitter,2005-09,0
twitter,2005-10,0
twitter,2005-11,0
twitter,2005-12,0
twitter,2006-01,0
twitter,2006-02,0
twitter,2006-03,0
twitter,2006-04,0
twitter,2006-05,0
twitter,2006-06,0
twitter,2006-07,0
twitter,2006-08,0
twitter,2006-09,0
twitter,2006-10,0
twitter,2006-11,0
twitter,2006-12,0
twitter,2007-01,0
twitter,2007-02,0
twitter,2007-03,0
twitter,2007-04,0
twitter,2007-05,0
twitter,2007-06,0
twitter,2007-07,0
twitter,2007-08,0
twitter,2007-09,0
twitter,2007-10,0
twitter,2007-11,0
twitter,2007-12,0
twitter,2008-01,0
twitter,2008-02,0
twitter,2008-03,0
twitter,2008-04,0
twitter,2008-05,0
twitter,2008-06,0
twitter,2008-07,0
twitter,2008-08,0
twitter,2008-09,0
twitter,2008-10,0
twitter,2008-11,1
twitter,2008-12,0
twitter,2009-01,0
twitter,2009-02,1
twitter,2009-03,0
twitter,2009-04,2
twitter,2009-05,0
twitter,2009-06,25
twitter,2009-07,4
twitter,2009-08,1
twitter,2009-09,1
twitter,2009-10,0
twitter,2009-11,1
twitter,2009-12,0
twitter,2010-01,5
twitter,2010-02,0
twitter,2010-03,0
twitter,2010-04,1
twitter,2010-05,0
twitter,2010-06,0
twitter,2010-07,4
twitter,2010-08,11
twitter,2010-09,1
twitter,2010-10,3
twitter,2010-11,0
twitter,2010-12,0
twitter,2011-01,6
twitter,2011-02,8
twitter,2011-03,2
twitter,2011-04,0
twitter,2011-05,8
twitter,2011-06,4
twitter,2011-07,2
twitter,2011-08,1
twitter,2011-09,5
twitter,2011-10,15
twitter,2011-11,6
twitter,2011-12,3
twitter,2012-01,11
twitter,2012-02,6
twitter,2012-03,3
twitter,2012-04,4
twitter,2012-05,1
twitter,2012-06,0
twitter,2012-07,2
twitter,2012-08,4
twitter,2012-09,1
twitter,2012-10,15
twitter,2012-11,28
twitter,2012-12,4
twitter,2013-01,27
twitter,2013-02,1
twitter,2013-03,3
twitter,2013-04,14
twitter,2013-05,3
twitter,2013-06,3
twitter,2013-07,2
twitter,2013-08,4
twitter,2013-09,5
twitter,2013-10,7
twitter,2013-11,6
twitter,2013-12,10
twitter,2014-01,34
twitter,2014-02,6
twitter,2014-03,10
twitter,2014-04,1
twitter,2014-05,6
twitter,2014-06,16
twitter,2014-07,23
twitter,2014-08,15
twitter,2014-09,11
twitter,2014-10,20
twitter,2014-11,5
twitter,2014-12,12
twitter,2015-01,45
twitter,2015-02,7
twitter,2015-03,18
twitter,2015-04,18
twitter,2015-05,11
twitter,2015-06,13
twitter,2015-07,17
twitter,2015-08,5
twitter,2015-09,2
twitter,2015-10,8
twitter,2015-11,12
twitter,2015-12,27
twitter,2016-01,14
twitter,2016-02,17
twitter,2016-03,7
twitter,2016-04,11
twitter,2016-05,23
twitter,2016-06,24
twitter,2016-07,16
twitter,2016-08,18
twitter,2016-09,15
twitter,2016-10,11
twitter,2016-11,94
twitter,2016-12,160
twitter,2017-01,87
twitter,2017-02,70
twitter,2017-03,92
twitter,2017-04,52
twitter,2017-05,94
twitter,2017-06,101
twitter,2017-07,62
twitter,2017-08,79
twitter,2017-09,135
twitter,2017-10,228
twitter,2017-11,144
twitter,2017-12,111
twitter,2018-01,140
twitter,2018-02,138
twitter,2018-03,106
twitter,2018-04,82
twitter,2018-05,92
twitter,2018-06,69
twitter,2018-07,111
twitter,2018-08,180
twitter,2018-09,128
twitter,2018-10,175
twitter,2018-11,145
twitter,2018-12,99
twitter,2019-01,78
twitter,2019-02,90
twitter,2019-03,99
twitter,2019-04,69
twitter,2019-05,88
twitter,2019-06,75
twitter,2019-07,70
twitter,2019-08,243
twitter,2019-09,114
twitter,2019-10,117
twitter,2019-11,132
twitter,2019-12,94
twitter,2020-01,129
twitter,2020-02,101
twitter,2020-03,152
twitter,2020-04,113
twitter,2020-05,300
twitter,2020-06,321
twitter,2020-07,194
twitter,2020-08,233
twitter,2020-09,199
twitter,2020-10,414
twitter,2020-11,396
twitter,2020-12,170
twitter,2021-01,394
twitter,2021-02,122
twitter,2021-03,175
twitter,2021-04,84
twitter,2021-05,59
twitter,2021-06,75
twitter,2021-07,151
twitter,2021-08,73
twitter,2021-09,72
twitter,2021-10,85
twitter,2021-11,104
twitter,2021-12,73
twitter,2022-01,167
twitter,2022-02,100
twitter,2022-03,141
twitter,2022-04,306
twitter,2022-05,232
twitter,2022-06,59
twitter,2022-07,43
twitter,2022-08,153
twitter,2022-09,98
twitter,2022-10,216
twitter,2022-11,469
twitter,2022-12,194
twitter,2023-01,126
twitter,2023-02,141
twitter,2023-03,45
twitter,2023-04,102
twitter,2023-05,68
twitter,2023-06,62
twitter,2023-07,89
twitter,2023-08,36
twitter,2023-09,37
twitter,2023-10,65
twitter,2023-11,47
twitter,2023-12,20
twitter,2024-01,4
twitter,2024-02,14
twitter,2024-03,33
twitter,2024-04,25
twitter,2024-05,9
twitter,2024-06,8
twitter,2024-07,26
twitter,2024-08,27
twitter,2024-09,16
twitter,2024-10,39
twitter,2024-11,25
twitter,2024-12,12
twitter,2025-01,20
twitter,2025-02,9
twitter,2025-03,6
twitter,2025-04,7
twitter,2025-05,0
twitter,2025-06,0
twitter,2025-07,0
reddit,1980-01,0
reddit,1980-02,0
reddit,1980-03,0
reddit,1980-04,0
reddit,1980-05,0
reddit,1980-06,0
reddit,1980-07,0
reddit,1980-08,0
reddit,1980-09,0
reddit,1980-10,0
reddit,1980-11,0
reddit,1980-12,0
reddit,1981-01,0
reddit,1981-02,0
reddit,1981-03,0
reddit,1981-04,0
reddit,1981-05,0
reddit,1981-06,0
reddit,1981-07,0
reddit,1981-08,0
reddit,1981-09,0
reddit,1981-10,0
reddit,1981-11,0
reddit,1981-12,0
reddit,1982-01,0
reddit,1982-02,0
reddit,1982-03,0
reddit,1982-04,0
reddit,1982-05,0
reddit,1982-06,0
reddit,1982-07,0
reddit,1982-08,0
reddit,1982-09,0
reddit,1982-10,0
reddit,1982-11,0
reddit,1982-12,0
reddit,1983-01,0
reddit,1983-02,0
reddit,1983-03,0
reddit,1983-04,0
reddit,1983-05,0
reddit,1983-06,0
reddit,1983-07,0
reddit,1983-08,0
reddit,1983-09,0
reddit,1983-10,0
reddit,1983-11,0
reddit,1983-12,0
reddit,1984-01,0
reddit,1984-02,0
reddit,1984-03,0
reddit,1984-04,0
reddit,1984-05,0
reddit,1984-06,0
reddit,1984-07,0
reddit,1984-08,0
reddit,1984-09,0
reddit,1984-10,0
reddit,1984-11,0
reddit,1984-12,0
reddit,1985-01,0
reddit,1985-02,0
reddit,1985-03,0
reddit,1985-04,0
reddit,1985-05,0
reddit,1985-06,0
reddit,1985-07,0
reddit,1985-08,0
reddit,1985-09,0
reddit,1985-10,0
reddit,1985-11,0
reddit,1985-12,0
reddit,1986-01,0
reddit,1986-02,0
reddit,1986-03,0
reddit,1986-04,0
reddit,1986-05,0
reddit,1986-06,0
reddit,1986-07,0
reddit,1986-08,0
reddit,1986-09,0
reddit,1986-10,0
reddit,1986-11,0
reddit,1986-12,0
reddit,1987-01,0
reddit,1987-02,0
reddit,1987-03,0
reddit,1987-04,0
reddit,1987-05,0
reddit,1987-06,0
reddit,1987-07,0
reddit,1987-08,0
reddit,1987-09,0
reddit,1987-10,0
reddit,1987-11,0
reddit,1987-12,0
reddit,1988-01,0
reddit,1988-02,0
reddit,1988-03,0
reddit,1988-04,0
reddit,1988-05,0
reddit,1988-06,0
reddit,1988-07,0
reddit,1988-08,0
reddit,1988-09,0
reddit,1988-10,0
reddit,1988-11,0
reddit,1988-12,0
reddit,1989-01,0
reddit,1989-02,0
reddit,1989-03,0
reddit,1989-04,0
reddit,1989-05,0
reddit,1989-06,0
reddit,1989-07,0
reddit,1989-08,0
reddit,1989-09,0
reddit,1989-10,0
reddit,1989-11,0
reddit,1989-12,0
reddit,1990-01,0
reddit,1990-02,0
reddit,1990-03,0
reddit,1990-04,0
reddit,1990-05,0
reddit,1990-06,0
reddit,1990-07,0
reddit,1990-08,0
reddit,1990-09,0
reddit,1990-10,0
reddit,1990-11,0
reddit,1990-12,0
reddit,1991-01,0
reddit,1991-02,0
reddit,1991-03,0
reddit,1991-04,0
reddit,1991-05,0
reddit,1991-06,0
reddit,1991-07,0
reddit,1991-08,0
reddit,1991-09,0
reddit,1991-10,0
reddit,1991-11,0
reddit,1991-12,0
reddit,1992-01,0
reddit,1992-02,0
reddit,1992-03,0
reddit,1992-04,0
reddit,1992-05,0
reddit,1992-06,0
reddit,1992-07,0
reddit,1992-08,0
reddit,1992-09,0
reddit,1992-10,0
reddit,1992-11,0
reddit,1992-12,0
reddit,1993-01,0
reddit,1993-02,0
reddit,1993-03,0
reddit,1993-04,0
reddit,1993-05,0
reddit,1993-06,0
reddit,1993-07,0
reddit,1993-08,0
reddit,1993-09,0
reddit,1993-10,0
reddit,1993-11,0
reddit,1993-12,0
reddit,1994-01,0
reddit,1994-02,0
reddit,1994-03,0
reddit,1994-04,0
reddit,1994-05,0
reddit,1994-06,0
reddit,1994-07,0
reddit,1994-08,0
reddit,1994-09,0
reddit,1994-10,0
reddit,1994-11,0
reddit,1994-12,0
reddit,1995-01,0
reddit,1995-02,0
reddit,1995-03,0
reddit,1995-04,0
reddit,1995-05,0
reddit,1995-06,0
reddit,1995-07,0
reddit,1995-08,0
reddit,1995-09,0
reddit,1995-10,0
reddit,1995-11,0
reddit,1995-12,0
reddit,1996-01,0
reddit,1996-02,0
reddit,1996-03,0
reddit,1996-04,0
reddit,1996-05,0
reddit,1996-06,0
reddit,1996-07,0
reddit,1996-08,0
reddit,1996-09,0
reddit,1996-10,0
reddit,1996-11,0
reddit,1996-12,0
reddit,1997-01,0
reddit,1997-02,0
reddit,1997-03,0
reddit,1997-04,0
reddit,1997-05,0
reddit,1997-06,0
reddit,1997-07,0
reddit,1997-08,0
reddit,1997-09,0
reddit,1997-10,0
reddit,1997-11,0
reddit,1997-12,0
reddit,1998-01,0
reddit,1998-02,0
reddit,1998-03,0
reddit,1998-04,0
reddit,1998-05,0
reddit,1998-06,0
reddit,1998-07,0
reddit,1998-08,0
reddit,1998-09,0
reddit,1998-10,0
reddit,1998-11,0
reddit,1998-12,0
reddit,1999-01,0
reddit,1999-02,0
reddit,1999-03,0
reddit,1999-04,0
reddit,1999-05,0
reddit,1999-06,0
reddit,1999-07,0
reddit,1999-08,0
reddit,1999-09,0
reddit,1999-10,0
reddit,1999-11,0
reddit,1999-12,0
reddit,2000-01,0
reddit,2000-02,0
reddit,2000-03,0
reddit,2000-04,0
reddit,2000-05,0
reddit,2000-06,0
reddit,2000-07,0
reddit,2000-08,0
reddit,2000-09,0
reddit,2000-10,0
reddit,2000-11,0
reddit,2000-12,0
reddit,2001-01,0
reddit,2001-02,0
reddit,2001-03,0
reddit,2001-04,0
reddit,2001-05,0
reddit,2001-06,0
reddit,2001-07,0
reddit,2001-08,0
reddit,2001-09,0
reddit,2001-10,0
reddit,2001-11,0
reddit,2001-12,0
reddit,2002-01,0
reddit,2002-02,0
reddit,2002-03,0
reddit,2002-04,0
reddit,2002-05,0
reddit,2002-06,0
reddit,2002-07,0
reddit,2002-08,0
reddit,2002-09,0
reddit,2002-10,0
reddit,2002-11,0
reddit,2002-12,0
reddit,2003-01,0
reddit,2003-02,0
reddit,2003-03,0
reddit,2003-04,0
reddit,2003-05,0
reddit,2003-06,0
reddit,2003-07,0
reddit,2003-08,0
reddit,2003-09,0
reddit,2003-10,0
reddit,2003-11,0
reddit,2003-12,0
reddit,2004-01,0
reddit,2004-02,0
reddit,2004-03,0
reddit,2004-04,0
reddit,2004-05,0
reddit,2004-06,0
reddit,2004-07,0
reddit,2004-08,0
reddit,2004-09,0
reddit,2004-10,0
reddit,2004-11,0
reddit,2004-12,0
reddit,2005-01,0
reddit,2005-02,0
reddit,2005-03,0
reddit,2005-04,0
reddit,2005-05,0
reddit,2005-06,0
reddit,2005-07,0
reddit,2005-08,0
reddit,2005-09,0
reddit,2005-10,0
reddit,2005-11,0
reddit,2005-12,0
reddit,2006-01,0
reddit,2006-02,0
reddit,2006-03,0
reddit,2006-04,0
reddit,2006-05,0
reddit,2006-06,0
reddit,2006-07,0
reddit,2006-08,0
reddit,2006-09,0
reddit,2006-10,0
reddit,2006-11,0
reddit,2006-12,0
reddit,2007-01,0
reddit,2007-02,0
reddit,2007-03,0
reddit,2007-04,0
reddit,2007-05,0
reddit,2007-06,0
reddit,2007-07,0
reddit,2007-08,0
reddit,2007-09,0
reddit,2007-10,0
reddit,2007-11,0
reddit,2007-12,0
reddit,2008-01,0
reddit,2008-02,0
reddit,2008-03,0
reddit,2008-04,0
reddit,2008-05,0
reddit,2008-06,0
reddit,2008-07,0
reddit,2008-08,0
reddit,2008-09,0
reddit,2008-10,0
reddit,2008-11,0
reddit,2008-12,0
reddit,2009-01,0
reddit,2009-02,0
reddit,2009-03,0
reddit,2009-04,0
reddit,2009-05,0
reddit,2009-06,0
reddit,2009-07,0
reddit,2009-08,0
reddit,2009-09,0
reddit,2009-10,0
reddit,2009-11,0
reddit,2009-12,0
reddit,2010-01,0
reddit,2010-02,0
reddit,2010-03,0
reddit,2010-04,0
reddit,2010-05,0
reddit,2010-06,0
reddit,2010-07,0
reddit,2010-08,0
reddit,2010-09,0
reddit,2010-10,0
reddit,2010-11,0
reddit,2010-12,0
reddit,2011-01,0
reddit,2011-02,0
reddit,2011-03,0
reddit,2011-04,0
reddit,2011-05,0
reddit,2011-06,0
reddit,2011-07,0
reddit,2011-08,0
reddit,2011-09,0
reddit,2011-10,0
reddit,2011-11,1
reddit,2011-12,0
reddit,2012-01,1
reddit,2012-02,0
reddit,2012-03,0
reddit,2012-04,0
reddit,2012-05,0
reddit,2012-06,0
reddit,2012-07,0
reddit,2012-08,0
reddit,2012-09,0
reddit,2012-10,0
reddit,2012-11,0
reddit,2012-12,0
reddit,2013-01,1
reddit,2013-02,0
reddit,2013-03,0
reddit,2013-04,5
reddit,2013-05,0
reddit,2013-06,0
reddit,2013-07,8
reddit,2013-08,0
reddit,2013-09,0
reddit,2013-10,0
reddit,2013-11,0
reddit,2013-12,0
reddit,2014-01,0
reddit,2014-02,0
reddit,2014-03,0
reddit,2014-04,0
reddit,2014-05,0
reddit,2014-06,0
reddit,2014-07,1
reddit,2014-08,0
reddit,2014-09,0
reddit,2014-10,0
reddit,2014-11,0
reddit,2014-12,0
reddit,2015-01,0
reddit,2015-02,1
reddit,2015-03,0
reddit,2015-04,0
reddit,2015-05,0
reddit,2015-06,1
reddit,2015-07,0
reddit,2015-08,0
reddit,2015-09,0
reddit,2015-10,0
reddit,2015-11,0
reddit,2015-12,0
reddit,2016-01,0
reddit,2016-02,1
reddit,2016-03,1
reddit,2016-04,0
reddit,2016-05,0
reddit,2016-06,0
reddit,2016-07,2
reddit,2016-08,0
reddit,2016-09,0
reddit,2016-10,0
reddit,2016-11,13
reddit,2016-12,11
reddit,2017-01,5
reddit,2017-02,0
reddit,2017-03,0
reddit,2017-04,0
reddit,2017-05,5
reddit,2017-06,0
reddit,2017-07,5
reddit,2017-08,0
reddit,2017-09,2
reddit,2017-10,2
reddit,2017-11,0
reddit,2017-12,4
reddit,2018-01,2
reddit,2018-02,0
reddit,2018-03,17
reddit,2018-04,0
reddit,2018-05,0
reddit,2018-06,1
reddit,2018-07,0
reddit,2018-08,6
reddit,2018-09,10
reddit,2018-10,9
reddit,2018-11,2
reddit,2018-12,2
reddit,2019-01,0
reddit,2019-02,6
reddit,2019-03,8
reddit,2019-04,0
reddit,2019-05,0
reddit,2019-06,6
reddit,2019-07,4
reddit,2019-08,3
reddit,2019-09,3
reddit,2019-10,12
reddit,2019-11,2
reddit,2019-12,14
reddit,2020-01,10
reddit,2020-02,4
reddit,2020-03,3
reddit,2020-04,5
reddit,2020-05,4
reddit,2020-06,5
reddit,2020-07,12
reddit,2020-08,4
reddit,2020-09,3
reddit,2020-10,10
reddit,2020-11,0
reddit,2020-12,1
reddit,2021-01,5
reddit,2021-02,18
reddit,2021-03,3
reddit,2021-04,6
reddit,2021-05,0
reddit,2021-06,2
reddit,2021-07,0
reddit,2021-08,10
reddit,2021-09,1
reddit,2021-10,5
reddit,2021-11,2
reddit,2021-12,3
reddit,2022-01,9
reddit,2022-02,2
reddit,2022-03,0
reddit,2022-04,1
reddit,2022-05,9
reddit,2022-06,0
reddit,2022-07,2
reddit,2022-08,0
reddit,2022-09,2
reddit,2022-10,0
reddit,2022-11,1
reddit,2022-12,0
reddit,2023-01,2
reddit,2023-02,0
reddit,2023-03,5
reddit,2023-04,2
reddit,2023-05,5
reddit,2023-06,1
reddit,2023-07,0
reddit,2023-08,0
reddit,2023-09,2
reddit,2023-10,0
reddit,2023-11,0
reddit,2023-12,0
reddit,2024-01,3
reddit,2024-02,2
reddit,2024-03,19
reddit,2024-04,3
reddit,2024-05,2
reddit,2024-06,0
reddit,2024-07,0
reddit,2024-08,0
reddit,2024-09,0
reddit,2024-10,4
reddit,2024-11,0
reddit,2024-12,0
reddit,2025-01,0
reddit,2025-02,0
reddit,2025-03,0
reddit,2025-04,0
reddit,2025-05,0
reddit,2025-06,0
reddit,2025-07,0
instagram,1980-01,0
instagram,1980-02,0
instagram,1980-03,0
instagram,1980-04,0
instagram,1980-05,0
instagram,1980-06,0
instagram,1980-07,0
instagram,1980-08,0
instagram,1980-09,0
instagram,1980-10,0
instagram,1980-11,0
instagram,1980-12,0
instagram,1981-01,0
instagram,1981-02,0
instagram,1981-03,0
instagram,1981-04,0
instagram,1981-05,0
instagram,1981-06,0
instagram,1981-07,0
instagram,1981-08,0
instagram,1981-09,0
instagram,1981-10,0
instagram,1981-11,0
instagram,1981-12,0
instagram,1982-01,0
instagram,1982-02,0
instagram,1982-03,0
instagram,1982-04,0
instagram,1982-05,0
instagram,1982-06,0
instagram,1982-07,0
instagram,1982-08,0
instagram,1982-09,0
instagram,1982-10,0
instagram,1982-11,0
instagram,1982-12,0
instagram,1983-01,0
instagram,1983-02,0
instagram,1983-03,0
instagram,1983-04,0
instagram,1983-05,0
instagram,1983-06,0
instagram,1983-07,0
instagram,1983-08,0
instagram,1983-09,0
instagram,1983-10,0
instagram,1983-11,0
instagram,1983-12,0
instagram,1984-01,0
instagram,1984-02,0
instagram,1984-03,0
instagram,1984-04,0
instagram,1984-05,0
instagram,1984-06,0
instagram,1984-07,0
instagram,1984-08,0
instagram,1984-09,0
instagram,1984-10,0
instagram,1984-11,0
instagram,1984-12,0
instagram,1985-01,0
instagram,1985-02,0
instagram,1985-03,0
instagram,1985-04,0
instagram,1985-05,0
instagram,1985-06,0
instagram,1985-07,0
instagram,1985-08,0
instagram,1985-09,0
instagram,1985-10,0
instagram,1985-11,0
instagram,1985-12,0
instagram,1986-01,0
instagram,1986-02,0
instagram,1986-03,0
instagram,1986-04,0
instagram,1986-05,0
instagram,1986-06,0
instagram,1986-07,0
instagram,1986-08,0
instagram,1986-09,0
instagram,1986-10,0
instagram,1986-11,0
instagram,1986-12,0
instagram,1987-01,0
instagram,1987-02,0
instagram,1987-03,0
instagram,1987-04,0
instagram,1987-05,0
instagram,1987-06,0
instagram,1987-07,0
instagram,1987-08,0
instagram,1987-09,0
instagram,1987-10,0
instagram,1987-11,0
instagram,1987-12,0
instagram,1988-01,0
instagram,1988-02,0
instagram,1988-03,0
instagram,1988-04,0
instagram,1988-05,0
instagram,1988-06,0
instagram,1988-07,0
instagram,1988-08,0
instagram,1988-09,0
instagram,1988-10,0
instagram,1988-11,0
instagram,1988-12,0
instagram,1989-01,0
instagram,1989-02,0
instagram,1989-03,0
instagram,1989-04,0
instagram,1989-05,0
instagram,1989-06,0
instagram,1989-07,0
instagram,1989-08,0
instagram,1989-09,0
instagram,1989-10,0
instagram,1989-11,0
instagram,1989-12,0
instagram,1990-01,0
instagram,1990-02,0
instagram,1990-03,0
instagram,1990-04,0
instagram,1990-05,0
instagram,1990-06,0
instagram,1990-07,0
instagram,1990-08,0
instagram,1990-09,0
instagram,1990-10,0
instagram,1990-11,0
instagram,1990-12,0
instagram,1991-01,0
instagram,1991-02,0
instagram,1991-03,0
instagram,1991-04,0
instagram,1991-05,0
instagram,1991-06,0
instagram,1991-07,0
instagram,1991-08,0
instagram,1991-09,0
instagram,1991-10,0
instagram,1991-11,0
instagram,1991-12,0
instagram,1992-01,0
instagram,1992-02,0
instagram,1992-03,0
instagram,1992-04,0
instagram,1992-05,0
instagram,1992-06,0
instagram,1992-07,0
instagram,1992-08,0
instagram,1992-09,0
instagram,1992-10,0
instagram,1992-11,0
instagram,1992-12,0
instagram,1993-01,0
instagram,1993-02,0
instagram,1993-03,0
instagram,1993-04,0
instagram,1993-05,0
instagram,1993-06,0
instagram,1993-07,0
instagram,1993-08,0
instagram,1993-09,0
instagram,1993-10,0
instagram,1993-11,0
instagram,1993-12,0
instagram,1994-01,0
instagram,1994-02,0
instagram,1994-03,0
instagram,1994-04,0
instagram,1994-05,0
instagram,1994-06,0
instagram,1994-07,0
instagram,1994-08,0
instagram,1994-09,0
instagram,1994-10,0
instagram,1994-11,0
instagram,1994-12,0
instagram,1995-01,0
instagram,1995-02,0
instagram,1995-03,0
instagram,1995-04,0
instagram,1995-05,0
instagram,1995-06,0
instagram,1995-07,0
instagram,1995-08,0
instagram,1995-09,0
instagram,1995-10,0
instagram,1995-11,0
instagram,1995-12,0
instagram,1996-01,0
instagram,1996-02,0
instagram,1996-03,0
instagram,1996-04,0
instagram,1996-05,0
instagram,1996-06,0
instagram,1996-07,0
instagram,1996-08,0
instagram,1996-09,0
instagram,1996-10,0
instagram,1996-11,0
instagram,1996-12,0
instagram,1997-01,0
instagram,1997-02,0
instagram,1997-03,0
instagram,1997-04,0
instagram,1997-05,0
instagram,1997-06,0
instagram,1997-07,0
instagram,1997-08,0
instagram,1997-09,0
instagram,1997-10,0
instagram,1997-11,0
instagram,1997-12,0
instagram,1998-01,0
instagram,1998-02,0
instagram,1998-03,0
instagram,1998-04,0
instagram,1998-05,0
instagram,1998-06,0
instagram,1998-07,0
instagram,1998-08,0
instagram,1998-09,0
instagram,1998-10,0
instagram,1998-11,0
instagram,1998-12,0
instagram,1999-01,0
instagram,1999-02,0
instagram,1999-03,0
instagram,1999-04,0
instagram,1999-05,0
instagram,1999-06,0
instagram,1999-07,0
instagram,1999-08,0
instagram,1999-09,0
instagram,1999-10,0
instagram,1999-11,0
instagram,1999-12,0
instagram,2000-01,0
instagram,2000-02,0
instagram,2000-03,0
instagram,2000-04,0
instagram,2000-05,0
instagram,2000-06,0
instagram,2000-07,0
instagram,2000-08,0
instagram,2000-09,0
instagram,2000-10,0
instagram,2000-11,0
instagram,2000-12,0
instagram,2001-01,0
instagram,2001-02,0
instagram,2001-03,0
instagram,2001-04,0
instagram,2001-05,0
instagram,2001-06,0
instagram,2001-07,0
instagram,2001-08,0
instagram,2001-09,0
instagram,2001-10,0
instagram,2001-11,0
instagram,2001-12,0
instagram,2002-01,0
instagram,2002-02,0
instagram,2002-03,0
instagram,2002-04,0
instagram,2002-05,0
instagram,2002-06,0
instagram,2002-07,0
instagram,2002-08,0
instagram,2002-09,0
instagram,2002-10,0
instagram,2002-11,0
instagram,2002-12,0
instagram,2003-01,0
instagram,2003-02,0
instagram,2003-03,0
instagram,2003-04,0
instagram,2003-05,0
instagram,2003-06,0
instagram,2003-07,0
instagram,2003-08,0
instagram,2003-09,0
instagram,2003-10,0
instagram,2003-11,0
instagram,2003-12,0
instagram,2004-01,0
instagram,2004-02,0
instagram,2004-03,0
instagram,2004-04,0
instagram,2004-05,0
instagram,2004-06,0
instagram,2004-07,0
instagram,2004-08,0
instagram,2004-09,0
instagram,2004-10,0
instagram,2004-11,0
instagram,2004-12,0
instagram,2005-01,0
instagram,2005-02,0
instagram,2005-03,0
instagram,2005-04,0
instagram,2005-05,0
instagram,2005-06,0
instagram,2005-07,0
instagram,2005-08,0
instagram,2005-09,0
instagram,2005-10,0
instagram,2005-11,0
instagram,2005-12,0
instagram,2006-01,0
instagram,2006-02,0
instagram,2006-03,0
instagram,2006-04,0
instagram,2006-05,0
instagram,2006-06,0
instagram,2006-07,0
instagram,2006-08,0
instagram,2006-09,0
instagram,2006-10,0
instagram,2006-11,0
instagram,2006-12,0
instagram,2007-01,0
instagram,2007-02,0
instagram,2007-03,0
instagram,2007-04,0
instagram,2007-05,0
instagram,2007-06,0
instagram,2007-07,0
instagram,2007-08,0
instagram,2007-09,0
instagram,2007-10,0
instagram,2007-11,0
instagram,2007-12,0
instagram,2008-01,0
instagram,2008-02,0
instagram,2008-03,0
instagram,2008-04,0
instagram,2008-05,0
instagram,2008-06,0
instagram,2008-07,0
instagram,2008-08,0
instagram,2008-09,0
instagram,2008-10,0
instagram,2008-11,0
instagram,2008-12,0
instagram,2009-01,0
instagram,2009-02,0
instagram,2009-03,0
instagram,2009-04,0
instagram,2009-05,0
instagram,2009-06,0
instagram,2009-07,0
instagram,2009-08,0
instagram,2009-09,0
instagram,2009-10,0
instagram,2009-11,0
instagram,2009-12,0
instagram,2010-01,0
instagram,2010-02,0
instagram,2010-03,0
instagram,2010-04,0
instagram,2010-05,0
instagram,2010-06,0
instagram,2010-07,0
instagram,2010-08,0
instagram,2010-09,0
instagram,2010-10,0
instagram,2010-11,0
instagram,2010-12,0
instagram,2011-01,0
instagram,2011-02,0
instagram,2011-03,0
instagram,2011-04,0
instagram,2011-05,0
instagram,2011-06,0
instagram,2011-07,0
instagram,2011-08,0
instagram,2011-09,0
instagram,2011-10,0
instagram,2011-11,0
instagram,2011-12,0
instagram,2012-01,0
instagram,2012-02,0
instagram,2012-03,0
instagram,2012-04,0
instagram,2012-05,0
instagram,2012-06,0
instagram,2012-07,0
instagram,2012-08,0
instagram,2012-09,0
instagram,2012-10,0
instagram,2012-11,0
instagram,2012-12,0
instagram,2013-01,1
instagram,2013-02,0
instagram,2013-03,0
instagram,2013-04,0
instagram,2013-05,0
instagram,2013-06,0
instagram,2013-07,1
instagram,2013-08,0
instagram,2013-09,0
instagram,2013-10,1
instagram,2013-11,0
instagram,2013-12,0
instagram,2014-01,0
instagram,2014-02,0
instagram,2014-03,0
instagram,2014-04,0
instagram,2014-05,0
instagram,2014-06,0
instagram,2014-07,0
instagram,2014-08,0
instagram,2014-09,0
instagram,2014-10,4
instagram,2014-11,1
instagram,2014-12,0
instagram,2015-01,3
instagram,2015-02,0
instagram,2015-03,1
instagram,2015-04,0
instagram,2015-05,10
instagram,2015-06,0
instagram,2015-07,0
instagram,2015-08,0
instagram,2015-09,2
instagram,2015-10,0
instagram,2015-11,0
instagram,2015-12,0
instagram,2016-01,2
instagram,2016-02,0
instagram,2016-03,0
instagram,2016-04,0
instagram,2016-05,0
instagram,2016-06,0
instagram,2016-07,0
instagram,2016-08,0
instagram,2016-09,0
instagram,2016-10,0
instagram,2016-11,1
instagram,2016-12,9
instagram,2017-01,1
instagram,2017-02,0
instagram,2017-03,1
instagram,2017-04,1
instagram,2017-05,4
instagram,2017-06,1
instagram,2017-07,6
instagram,2017-08,1
instagram,2017-09,1
instagram,2017-10,6
instagram,2017-11,14
instagram,2017-12,22
instagram,2018-01,2
instagram,2018-02,14
instagram,2018-03,9
instagram,2018-04,5
instagram,2018-05,4
instagram,2018-06,2
instagram,2018-07,13
instagram,2018-08,9
instagram,2018-09,19
instagram,2018-10,28
instagram,2018-11,12
instagram,2018-12,51
instagram,2019-01,4
instagram,2019-02,2
instagram,2019-03,36
instagram,2019-04,23
instagram,2019-05,24
instagram,2019-06,21
instagram,2019-07,7
instagram,2019-08,55
instagram,2019-09,20
instagram,2019-10,33
instagram,2019-11,13
instagram,2019-12,18
instagram,2020-01,11
instagram,2020-02,5
instagram,2020-03,17
instagram,2020-04,17
instagram,2020-05,14
instagram,2020-06,6
instagram,2020-07,27
instagram,2020-08,26
instagram,2020-09,40
instagram,2020-10,50
instagram,2020-11,19
instagram,2020-12,40
instagram,2021-01,37
instagram,2021-02,27
instagram,2021-03,34
instagram,2021-04,15
instagram,2021-05,6
instagram,2021-06,10
instagram,2021-07,17
instagram,2021-08,21
instagram,2021-09,13
instagram,2021-10,36
instagram,2021-11,14
instagram,2021-12,10
instagram,2022-01,19
instagram,2022-02,32
instagram,2022-03,52
instagram,2022-04,15
instagram,2022-05,17
instagram,2022-06,15
instagram,2022-07,10
instagram,2022-08,32
instagram,2022-09,5
instagram,2022-10,30
instagram,2022-11,15
instagram,2022-12,11
instagram,2023-01,15
instagram,2023-02,8
instagram,2023-03,14
instagram,2023-04,13
instagram,2023-05,5
instagram,2023-06,16
instagram,2023-07,11
instagram,2023-08,5
instagram,2023-09,22
instagram,2023-10,15
instagram,2023-11,3
instagram,2023-12,6
instagram,2024-01,11
instagram,2024-02,22
instagram,2024-03,19
instagram,2024-04,22
instagram,2024-05,14
instagram,2024-06,8
instagram,2024-07,9
instagram,2024-08,8
instagram,2024-09,26
instagram,2024-10,16
instagram,2024-11,13
instagram,2024-12,3
instagram,2025-01,46
instagram,2025-02,5
instagram,2025-03,5
instagram,2025-04,9
instagram,2025-05,0
instagram,2025-06,0
instagram,2025-07,0
